39.985,40.013,40.044,40.078,40.115,40.155,40.2,40.248,40.301,40.36,40.423,40.493,40.569,40.652,40.743,40.843,40.952,41.07,41.2,41.342,41.496,41.665,41.848,42.049,42.266,42.503,42.761,43.041,43.344,43.674,44.031,44.417,44.834,45.284,45.769,46.292,46.853,47.455,48.1,48.789,49.524,50.305,51.135,52.013,52.94,53.917,54.941,56.013,57.132,58.294,59.497,60.739,62.016,63.323,64.656,66.009,67.378,68.757,70.139,71.52,72.893,74.253,75.593,76.91,78.198,79.452,80.67,81.847,82.981,84.069,85.111,86.104,87.049,87.944,88.791,89.589,90.34,91.045,91.705,92.322,92.897,93.433,93.931,94.394,94.822,95.219,95.586,95.925,96.237,96.525,96.79,97.034,97.259,97.465,97.654,97.828,97.987,98.133,98.267,98.389,98.502,98.604,98.698,98.784,98.863,98.935,99,99.06,99.115,99.165,99.211,99.253,99.291,99.326,99.358,99.387,99.413,99.438,99.46,99.48
39.298,39.316,39.336,39.358,39.382,39.409,39.439,39.472,39.508,39.548,39.592,39.64,39.694,39.753,39.818,39.89,39.969,40.056,40.152,40.257,40.374,40.501,40.642,40.796,40.966,41.153,41.357,41.581,41.827,42.096,42.39,42.712,43.063,43.445,43.862,44.315,44.807,45.34,45.917,46.54,47.211,47.933,48.708,49.536,50.42,51.361,52.358,53.412,54.522,55.686,56.904,58.171,59.485,60.841,62.233,63.658,65.107,66.576,68.055,69.54,71.021,72.492,73.945,75.374,76.773,78.136,79.457,80.733,81.959,83.133,84.253,85.317,86.324,87.274,88.168,89.006,89.79,90.521,91.201,91.832,92.417,92.958,93.457,93.917,94.339,94.728,95.084,95.411,95.71,95.983,96.233,96.46,96.668,96.858,97.03,97.187,97.33,97.46,97.578,97.686,97.783,97.872,97.952,98.025,98.092,98.152,98.206,98.255,98.3,98.341,98.378,98.411,98.441,98.469,98.493,98.516,98.536,98.555,98.571,98.586
40.613,40.646,40.681,40.72,40.762,40.808,40.857,40.911,40.969,41.032,41.101,41.175,41.256,41.344,41.438,41.541,41.652,41.773,41.903,42.044,42.196,42.361,42.54,42.732,42.94,43.164,43.406,43.666,43.947,44.248,44.573,44.921,45.295,45.695,46.124,46.583,47.073,47.596,48.152,48.744,49.372,50.038,50.742,51.486,52.269,53.093,53.957,54.861,55.804,56.786,57.806,58.861,59.951,61.072,62.222,63.399,64.598,65.816,67.049,68.293,69.544,70.797,72.049,73.295,74.53,75.751,76.953,78.133,79.288,80.414,81.508,82.57,83.595,84.583,85.533,86.443,87.314,88.144,88.934,89.683,90.394,91.066,91.7,92.298,92.86,93.388,93.883,94.346,94.78,95.185,95.563,95.915,96.244,96.549,96.833,97.096,97.341,97.568,97.778,97.973,98.153,98.32,98.475,98.618,98.75,98.872,98.984,99.088,99.184,99.273,99.354,99.43,99.499,99.563,99.623,99.677,99.727,99.773,99.816,99.855
40.411,40.441,40.473,40.508,40.546,40.587,40.632,40.681,40.734,40.792,40.855,40.923,40.997,41.077,41.165,41.26,41.362,41.474,41.595,41.726,41.869,42.023,42.19,42.37,42.566,42.777,43.005,43.252,43.518,43.805,44.114,44.447,44.805,45.19,45.603,46.046,46.52,47.027,47.569,48.146,48.76,49.413,50.106,50.839,51.614,52.43,53.289,54.19,55.133,56.118,57.142,58.206,59.307,60.442,61.61,62.807,64.03,65.275,66.539,67.816,69.102,70.393,71.685,72.972,74.249,75.514,76.76,77.984,79.183,80.353,81.49,82.593,83.659,84.686,85.673,86.619,87.522,88.384,89.203,89.98,90.716,91.411,92.066,92.683,93.262,93.806,94.315,94.791,95.235,95.65,96.037,96.396,96.731,97.041,97.33,97.597,97.845,98.074,98.287,98.483,98.664,98.832,98.987,99.13,99.262,99.383,99.496,99.599,99.694,99.782,99.863,99.937,100.01,100.07,100.13,100.18,100.23,100.27,100.32,100.35
39.555,39.561,39.568,39.576,39.584,39.594,39.604,39.616,39.629,39.644,39.66,39.678,39.698,39.721,39.746,39.774,39.805,39.839,39.877,39.92,39.967,40.02,40.078,40.143,40.216,40.296,40.385,40.484,40.594,40.716,40.851,41.001,41.167,41.351,41.555,41.78,42.028,42.303,42.605,42.939,43.306,43.71,44.152,44.638,45.168,45.748,46.38,47.067,47.812,48.619,49.489,50.425,51.429,52.502,53.644,54.855,56.134,57.478,58.885,60.35,61.868,63.432,65.035,66.67,68.326,69.996,71.669,73.336,74.987,76.613,78.205,79.756,81.258,82.706,84.095,85.419,86.678,87.868,88.989,90.041,91.024,91.94,92.791,93.579,94.306,94.976,95.592,96.157,96.673,97.146,97.576,97.968,98.325,98.649,98.943,99.209,99.451,99.669,99.866,100.04,100.21,100.35,100.48,100.6,100.71,100.8,100.89,100.97,101.04,101.1,101.16,101.21,101.25,101.29,101.33,101.36,101.39,101.42,101.45,101.47
39.056,39.133,39.216,39.304,39.398,39.498,39.605,39.719,39.84,39.969,40.107,40.253,40.409,40.575,40.751,40.938,41.137,41.348,41.572,41.81,42.063,42.33,42.613,42.913,43.23,43.565,43.92,44.293,44.687,45.103,45.54,45.999,46.482,46.989,47.52,48.077,48.658,49.266,49.899,50.559,51.245,51.957,52.696,53.46,54.25,55.064,55.903,56.764,57.648,58.553,59.477,60.419,61.378,62.351,63.336,64.332,65.337,66.348,67.363,68.379,69.395,70.408,71.416,72.417,73.408,74.387,75.353,76.303,77.237,78.151,79.045,79.918,80.768,81.594,82.396,83.173,83.925,84.65,85.349,86.021,86.668,87.288,87.882,88.451,88.994,89.513,90.007,90.478,90.926,91.352,91.757,92.14,92.504,92.848,93.174,93.482,93.774,94.049,94.308,94.553,94.784,95.002,95.207,95.4,95.581,95.752,95.912,96.063,96.205,96.338,96.463,96.581,96.691,96.794,96.891,96.982,97.067,97.147,97.222,97.293
38.054,38.095,38.139,38.187,38.238,38.294,38.355,38.42,38.491,38.567,38.65,38.739,38.835,38.939,39.052,39.173,39.303,39.444,39.596,39.76,39.936,40.126,40.33,40.55,40.786,41.04,41.313,41.605,41.919,42.254,42.614,42.998,43.409,43.847,44.314,44.811,45.34,45.902,46.497,47.128,47.794,48.497,49.238,50.017,50.835,51.691,52.585,53.517,54.487,55.493,56.534,57.608,58.713,59.848,61.009,62.193,63.398,64.62,65.855,67.1,68.351,69.603,70.853,72.096,73.33,74.549,75.751,76.932,78.089,79.219,80.32,81.389,82.425,83.425,84.389,85.315,86.204,87.053,87.865,88.638,89.373,90.07,90.731,91.356,91.946,92.503,93.027,93.519,93.981,94.415,94.822,95.202,95.558,95.89,96.2,96.489,96.759,97.01,97.243,97.46,97.662,97.85,98.024,98.186,98.336,98.476,98.605,98.724,98.835,98.938,99.033,99.121,99.203,99.278,99.348,99.413,99.473,99.528,99.579,99.626
41.629,41.699,41.774,41.854,41.94,42.032,42.13,42.236,42.348,42.468,42.597,42.734,42.88,43.037,43.204,43.382,43.572,43.775,43.99,44.22,44.465,44.725,45.002,45.296,45.608,45.939,46.29,46.662,47.055,47.471,47.911,48.375,48.864,49.379,49.921,50.49,51.087,51.712,52.366,53.049,53.762,54.504,55.275,56.075,56.904,57.76,58.644,59.553,60.487,61.445,62.425,63.425,64.443,65.477,66.525,67.584,68.653,69.727,70.806,71.885,72.963,74.037,75.103,76.16,77.205,78.236,79.25,80.246,81.221,82.174,83.103,84.007,84.884,85.735,86.557,87.351,88.115,88.851,89.557,90.234,90.881,91.5,92.091,92.654,93.19,93.699,94.182,94.641,95.075,95.486,95.875,96.242,96.588,96.915,97.223,97.513,97.786,98.043,98.284,98.511,98.724,98.923,99.111,99.286,99.451,99.605,99.75,99.885,100.01,100.13,100.24,100.34,100.44,100.53,100.62,100.7,100.77,100.84,100.9,100.96
42.563,42.571,42.581,42.591,42.602,42.615,42.628,42.644,42.66,42.679,42.7,42.722,42.747,42.775,42.806,42.84,42.877,42.918,42.964,43.014,43.07,43.131,43.199,43.273,43.355,43.446,43.546,43.656,43.778,43.911,44.058,44.22,44.398,44.593,44.807,45.043,45.3,45.583,45.891,46.229,46.597,46.999,47.436,47.911,48.427,48.986,49.589,50.241,50.942,51.695,52.502,53.363,54.28,55.253,56.282,57.367,58.507,59.698,60.939,62.226,63.554,64.919,66.315,67.736,69.175,70.626,72.079,73.53,74.969,76.391,77.788,79.154,80.484,81.772,83.015,84.208,85.349,86.435,87.467,88.442,89.36,90.223,91.032,91.786,92.489,93.142,93.748,94.308,94.825,95.301,95.739,96.142,96.512,96.85,97.16,97.443,97.701,97.937,98.152,98.348,98.526,98.689,98.836,98.97,99.092,99.202,99.303,99.394,99.476,99.551,99.619,99.68,99.736,99.787,99.832,99.874,99.911,99.945,99.976,100
39.987,40.017,40.048,40.083,40.12,40.161,40.205,40.253,40.305,40.361,40.422,40.488,40.56,40.638,40.723,40.815,40.914,41.022,41.138,41.264,41.401,41.549,41.708,41.881,42.068,42.269,42.487,42.721,42.974,43.246,43.539,43.855,44.193,44.557,44.947,45.364,45.811,46.289,46.799,47.342,47.921,48.535,49.187,49.877,50.606,51.375,52.184,53.033,53.923,54.853,55.823,56.83,57.875,58.954,60.067,61.21,62.38,63.575,64.79,66.023,67.268,68.522,69.781,71.04,72.294,73.54,74.773,75.989,77.185,78.356,79.5,80.614,81.694,82.74,83.749,84.72,85.652,86.543,87.394,88.205,88.975,89.706,90.397,91.05,91.666,92.246,92.79,93.301,93.78,94.228,94.647,95.038,95.403,95.742,96.058,96.352,96.625,96.879,97.114,97.332,97.534,97.721,97.894,98.055,98.203,98.34,98.466,98.583,98.691,98.791,98.883,98.968,99.046,99.118,99.185,99.246,99.302,99.354,99.402,99.447
37.986,38.004,38.023,38.044,38.068,38.094,38.123,38.155,38.191,38.23,38.274,38.322,38.375,38.433,38.498,38.57,38.649,38.736,38.833,38.939,39.057,39.187,39.329,39.487,39.66,39.851,40.061,40.292,40.546,40.824,41.129,41.463,41.829,42.229,42.665,43.141,43.658,44.22,44.83,45.489,46.201,46.968,47.792,48.676,49.619,50.624,51.691,52.82,54.009,55.258,56.564,57.923,59.332,60.785,62.277,63.8,65.349,66.916,68.492,70.069,71.64,73.195,74.728,76.231,77.698,79.122,80.498,81.821,83.089,84.299,85.448,86.535,87.56,88.524,89.427,90.271,91.056,91.786,92.463,93.088,93.666,94.198,94.687,95.135,95.547,95.924,96.268,96.583,96.869,97.131,97.369,97.586,97.783,97.962,98.124,98.272,98.406,98.527,98.637,98.737,98.827,98.909,98.983,99.05,99.111,99.166,99.215,99.26,99.301,99.337,99.371,99.4,99.428,99.452,99.474,99.494,99.512,99.529,99.543,99.557
40.748,40.765,40.784,40.804,40.827,40.851,40.878,40.907,40.939,40.974,41.012,41.054,41.099,41.149,41.203,41.263,41.327,41.398,41.476,41.56,41.652,41.753,41.862,41.982,42.112,42.254,42.409,42.577,42.76,42.959,43.175,43.41,43.665,43.941,44.241,44.565,44.916,45.295,45.704,46.145,46.62,47.13,47.678,48.265,48.893,49.564,50.279,51.039,51.846,52.699,53.601,54.55,55.547,56.59,57.68,58.813,59.989,61.203,62.453,63.736,65.047,66.382,67.735,69.101,70.476,71.853,73.227,74.592,75.944,77.275,78.583,79.862,81.108,82.318,83.488,84.617,85.7,86.738,87.729,88.673,89.568,90.416,91.217,91.972,92.681,93.346,93.969,94.551,95.095,95.6,96.071,96.508,96.913,97.289,97.636,97.958,98.254,98.528,98.78,99.013,99.227,99.424,99.605,99.772,99.925,100.07,100.19,100.31,100.42,100.52,100.61,100.69,100.77,100.84,100.91,100.96,101.02,101.07,101.11,101.15
38.485,38.489,38.493,38.498,38.503,38.509,38.516,38.524,38.532,38.542,38.553,38.565,38.579,38.595,38.612,38.631,38.653,38.678,38.706,38.737,38.772,38.811,38.855,38.904,38.959,39.021,39.091,39.169,39.256,39.354,39.463,39.586,39.724,39.877,40.049,40.24,40.454,40.693,40.959,41.255,41.584,41.949,42.354,42.803,43.298,43.845,44.446,45.107,45.83,46.62,47.481,48.414,49.424,50.511,51.678,52.923,54.246,55.645,57.116,58.654,60.253,61.904,63.598,65.326,67.076,68.836,70.595,72.341,74.062,75.747,77.386,78.97,80.493,81.947,83.328,84.632,85.859,87.006,88.074,89.065,89.981,90.824,91.598,92.306,92.951,93.539,94.073,94.557,94.994,95.389,95.746,96.066,96.355,96.614,96.846,97.055,97.241,97.408,97.558,97.692,97.811,97.918,98.013,98.098,98.174,98.241,98.302,98.355,98.403,98.446,98.484,98.518,98.548,98.575,98.599,98.62,98.639,98.656,98.671,98.685
40.106,40.115,40.126,40.137,40.149,40.163,40.178,40.195,40.214,40.234,40.257,40.282,40.31,40.34,40.374,40.411,40.453,40.498,40.549,40.604,40.666,40.733,40.808,40.89,40.981,41.081,41.192,41.313,41.447,41.595,41.757,41.935,42.131,42.346,42.582,42.841,43.125,43.436,43.775,44.146,44.551,44.992,45.471,45.992,46.556,47.167,47.827,48.538,49.303,50.122,50.999,51.933,52.927,53.979,55.09,56.259,57.484,58.761,60.089,61.463,62.877,64.327,65.806,67.307,68.823,70.346,71.869,73.385,74.884,76.361,77.809,79.22,80.591,81.915,83.189,84.41,85.575,86.682,87.73,88.719,89.649,90.522,91.337,92.098,92.805,93.461,94.069,94.63,95.148,95.624,96.063,96.465,96.833,97.171,97.479,97.761,98.018,98.253,98.467,98.661,98.839,99,99.146,99.279,99.4,99.509,99.609,99.699,99.781,99.855,99.922,99.983,100.04,100.09,100.13,100.17,100.21,100.25,100.28,100.3
38.631,38.643,38.657,38.672,38.688,38.706,38.726,38.747,38.771,38.798,38.827,38.859,38.894,38.933,38.975,39.022,39.073,39.13,39.192,39.261,39.336,39.418,39.509,39.609,39.718,39.838,39.97,40.114,40.272,40.446,40.635,40.843,41.07,41.318,41.589,41.884,42.206,42.557,42.938,43.352,43.801,44.288,44.815,45.383,45.996,46.655,47.362,48.12,48.93,49.794,50.712,51.684,52.712,53.795,54.931,56.119,57.357,58.642,59.971,61.338,62.74,64.17,65.622,67.091,68.57,70.051,71.527,72.993,74.441,75.865,77.259,78.618,79.937,81.212,82.438,83.615,84.739,85.809,86.824,87.784,88.689,89.54,90.338,91.084,91.781,92.429,93.031,93.59,94.107,94.585,95.026,95.432,95.806,96.15,96.466,96.755,97.021,97.264,97.486,97.69,97.876,98.045,98.2,98.341,98.47,98.588,98.695,98.792,98.881,98.962,99.035,99.102,99.163,99.219,99.269,99.315,99.356,99.394,99.429,99.46
40.667,40.674,40.683,40.693,40.704,40.716,40.729,40.745,40.762,40.78,40.802,40.825,40.851,40.881,40.914,40.95,40.991,41.037,41.088,41.144,41.208,41.278,41.357,41.445,41.542,41.651,41.772,41.907,42.057,42.223,42.408,42.614,42.842,43.094,43.374,43.683,44.025,44.402,44.818,45.275,45.777,46.328,46.931,47.589,48.305,49.084,49.927,50.837,51.816,52.867,53.989,55.182,56.446,57.779,59.177,60.635,62.15,63.713,65.317,66.954,68.614,70.288,71.964,73.634,75.286,76.911,78.499,80.044,81.536,82.971,84.343,85.648,86.884,88.049,89.142,90.164,91.115,91.998,92.815,93.568,94.26,94.896,95.477,96.008,96.491,96.932,97.331,97.694,98.022,98.319,98.588,98.83,99.049,99.246,99.423,99.583,99.726,99.855,99.971,100.08,100.17,100.25,100.33,100.4,100.46,100.51,100.56,100.6,100.64,100.68,100.71,100.74,100.76,100.78,100.8,100.82,100.84,100.85,100.87,100.88
40.325,40.347,40.371,40.396,40.424,40.455,40.488,40.525,40.564,40.607,40.654,40.705,40.761,40.821,40.887,40.959,41.037,41.121,41.213,41.314,41.422,41.541,41.669,41.808,41.96,42.124,42.302,42.495,42.703,42.929,43.174,43.438,43.724,44.032,44.364,44.722,45.107,45.521,45.965,46.442,46.952,47.497,48.08,48.7,49.361,50.062,50.805,51.591,52.419,53.292,54.208,55.167,56.168,57.211,58.293,59.413,60.568,61.756,62.973,64.215,65.479,66.761,68.055,69.357,70.662,71.965,73.261,74.547,75.816,77.064,78.288,79.484,80.649,81.778,82.871,83.925,84.937,85.908,86.835,87.719,88.56,89.357,90.111,90.823,91.495,92.126,92.718,93.274,93.793,94.279,94.731,95.153,95.546,95.911,96.25,96.564,96.856,97.126,97.375,97.606,97.819,98.016,98.198,98.366,98.521,98.663,98.794,98.915,99.027,99.129,99.223,99.31,99.39,99.463,99.53,99.592,99.649,99.701,99.749,99.793
41.276,41.305,41.335,41.369,41.405,41.445,41.489,41.537,41.588,41.645,41.707,41.775,41.848,41.929,42.016,42.112,42.216,42.329,42.452,42.586,42.732,42.891,43.064,43.251,43.455,43.676,43.916,44.176,44.457,44.761,45.09,45.445,45.828,46.24,46.684,47.161,47.673,48.221,48.808,49.434,50.101,50.81,51.563,52.36,53.201,54.088,55.019,55.995,57.014,58.075,59.177,60.316,61.49,62.697,63.931,65.19,66.469,67.762,69.066,70.374,71.682,72.985,74.277,75.554,76.81,78.042,79.245,80.415,81.551,82.648,83.705,84.719,85.69,86.617,87.498,88.335,89.127,89.875,90.58,91.242,91.864,92.446,92.99,93.498,93.972,94.412,94.821,95.201,95.553,95.879,96.181,96.46,96.717,96.955,97.174,97.376,97.562,97.733,97.89,98.035,98.168,98.29,98.402,98.505,98.6,98.687,98.766,98.839,98.906,98.967,99.024,99.075,99.122,99.166,99.205,99.241,99.275,99.305,99.333,99.358
39.363,39.37,39.378,39.387,39.396,39.407,39.419,39.432,39.447,39.464,39.482,39.502,39.525,39.55,39.578,39.609,39.644,39.682,39.725,39.772,39.824,39.883,39.948,40.019,40.099,40.188,40.286,40.394,40.515,40.648,40.796,40.959,41.14,41.34,41.561,41.804,42.072,42.368,42.693,43.051,43.444,43.874,44.345,44.859,45.421,46.032,46.696,47.415,48.193,49.031,49.932,50.897,51.928,53.025,54.187,55.414,56.703,58.052,59.457,60.912,62.412,63.95,65.519,67.11,68.714,70.323,71.928,73.52,75.089,76.628,78.128,79.585,80.99,82.34,83.631,84.859,86.023,87.121,88.153,89.12,90.022,90.862,91.641,92.361,93.026,93.638,94.201,94.716,95.188,95.619,96.012,96.371,96.697,96.993,97.262,97.506,97.727,97.927,98.108,98.272,98.42,98.554,98.674,98.783,98.882,98.97,99.05,99.122,99.187,99.246,99.298,99.346,99.388,99.427,99.461,99.493,99.521,99.546,99.568,99.589
41.288,41.301,41.315,41.33,41.347,41.366,41.387,41.41,41.435,41.463,41.494,41.529,41.567,41.609,41.656,41.707,41.764,41.827,41.897,41.973,42.058,42.152,42.255,42.369,42.494,42.633,42.785,42.953,43.138,43.341,43.564,43.809,44.078,44.373,44.696,45.049,45.434,45.855,46.314,46.812,47.353,47.94,48.574,49.259,49.995,50.787,51.634,52.538,53.501,54.521,55.6,56.736,57.928,59.173,60.467,61.806,63.187,64.603,66.047,67.514,68.996,70.485,71.973,73.454,74.919,76.361,77.773,79.15,80.486,81.775,83.015,84.201,85.331,86.405,87.42,88.376,89.275,90.117,90.902,91.634,92.313,92.943,93.525,94.062,94.556,95.011,95.428,95.81,96.16,96.48,96.772,97.039,97.282,97.503,97.704,97.887,98.053,98.204,98.342,98.466,98.579,98.681,98.773,98.857,98.933,99.002,99.064,99.121,99.172,99.218,99.26,99.297,99.332,99.362,99.39,99.415,99.438,99.459,99.477,99.494
41.463,41.468,41.474,41.48,41.488,41.496,41.505,41.515,41.526,41.539,41.553,41.569,41.587,41.607,41.629,41.654,41.682,41.714,41.749,41.788,41.833,41.882,41.938,41.999,42.069,42.146,42.233,42.33,42.438,42.559,42.694,42.845,43.013,43.2,43.408,43.64,43.898,44.184,44.502,44.854,45.243,45.674,46.148,46.671,47.245,47.874,48.563,49.314,50.13,51.016,51.973,53.004,54.109,55.289,56.543,57.87,59.267,60.73,62.252,63.828,65.449,67.107,68.79,70.49,72.194,73.892,75.573,77.226,78.842,80.41,81.925,83.379,84.766,86.083,87.328,88.497,89.592,90.612,91.559,92.435,93.243,93.985,94.665,95.287,95.854,96.369,96.837,97.262,97.646,97.993,98.306,98.588,98.842,99.071,99.276,99.461,99.626,99.774,99.907,100.03,100.13,100.23,100.31,100.39,100.46,100.52,100.57,100.62,100.67,100.71,100.74,100.77,100.8,100.82,100.85,100.87,100.88,100.9,100.91,100.92
40.961,41.004,41.05,41.1,41.154,41.212,41.275,41.344,41.418,41.498,41.585,41.678,41.78,41.889,42.007,42.135,42.273,42.422,42.582,42.755,42.942,43.143,43.359,43.592,43.842,44.112,44.4,44.71,45.043,45.399,45.78,46.187,46.622,47.085,47.579,48.104,48.662,49.254,49.88,50.542,51.241,51.977,52.75,53.561,54.409,55.295,56.217,57.175,58.168,59.194,60.251,61.337,62.449,63.585,64.741,65.915,67.102,68.299,69.502,70.707,71.911,73.108,74.296,75.47,76.627,77.763,78.877,79.963,81.021,82.048,83.042,84.002,84.925,85.812,86.662,87.474,88.248,88.985,89.685,90.349,90.976,91.569,92.128,92.655,93.15,93.614,94.05,94.458,94.84,95.197,95.53,95.841,96.13,96.4,96.651,96.884,97.101,97.303,97.49,97.663,97.824,97.974,98.112,98.24,98.358,98.468,98.57,98.664,98.75,98.831,98.905,98.974,99.037,99.096,99.15,99.2,99.246,99.289,99.328,99.364
42.442,42.5,42.563,42.63,42.701,42.779,42.862,42.95,43.046,43.148,43.258,43.375,43.501,43.636,43.781,43.936,44.101,44.278,44.468,44.67,44.886,45.117,45.362,45.625,45.904,46.201,46.518,46.854,47.21,47.589,47.99,48.415,48.864,49.338,49.839,50.366,50.921,51.503,52.114,52.754,53.423,54.121,54.849,55.605,56.389,57.202,58.041,58.907,59.797,60.71,61.646,62.601,63.574,64.562,65.564,66.577,67.598,68.624,69.653,70.682,71.708,72.728,73.74,74.741,75.729,76.701,77.655,78.589,79.502,80.391,81.255,82.093,82.903,83.686,84.441,85.167,85.863,86.531,87.169,87.779,88.36,88.913,89.438,89.937,90.41,90.858,91.282,91.681,92.059,92.414,92.749,93.065,93.361,93.639,93.901,94.146,94.375,94.591,94.792,94.981,95.157,95.322,95.476,95.62,95.755,95.88,95.998,96.107,96.209,96.304,96.392,96.475,96.552,96.623,96.69,96.752,96.81,96.864,96.914,96.961
41.286,41.321,41.358,41.398,41.441,41.487,41.537,41.59,41.648,41.71,41.777,41.849,41.926,42.009,42.099,42.195,42.298,42.409,42.528,42.657,42.794,42.942,43.1,43.27,43.452,43.647,43.855,44.079,44.318,44.573,44.846,45.137,45.448,45.779,46.132,46.507,46.906,47.33,47.78,48.256,48.76,49.292,49.855,50.447,51.071,51.726,52.413,53.132,53.884,54.669,55.486,56.334,57.214,58.123,59.062,60.029,61.021,62.038,63.076,64.134,65.21,66.299,67.401,68.511,69.626,70.743,71.86,72.973,74.078,75.173,76.255,77.321,78.368,79.394,80.397,81.375,82.325,83.248,84.14,85.002,85.832,86.631,87.397,88.13,88.831,89.5,90.137,90.742,91.318,91.863,92.379,92.867,93.327,93.762,94.171,94.557,94.919,95.259,95.579,95.878,96.159,96.422,96.667,96.897,97.112,97.313,97.5,97.675,97.838,97.99,98.132,98.264,98.387,98.502,98.608,98.707,98.8,98.886,98.965,99.039
38.397,38.424,38.454,38.486,38.521,38.56,38.602,38.648,38.699,38.754,38.814,38.88,38.952,39.03,39.116,39.209,39.311,39.423,39.544,39.676,39.821,39.978,40.149,40.335,40.538,40.758,40.997,41.257,41.539,41.844,42.175,42.533,42.92,43.338,43.788,44.273,44.795,45.355,45.955,46.598,47.284,48.016,48.795,49.621,50.497,51.421,52.395,53.418,54.49,55.609,56.774,57.982,59.231,60.517,61.837,63.187,64.561,65.955,67.363,68.78,70.199,71.616,73.024,74.418,75.792,77.141,78.461,79.747,80.996,82.203,83.368,84.486,85.558,86.58,87.554,88.478,89.353,90.179,90.957,91.689,92.375,93.017,93.617,94.177,94.698,95.183,95.633,96.05,96.437,96.795,97.125,97.43,97.712,97.972,98.211,98.431,98.633,98.819,98.99,99.147,99.291,99.424,99.545,99.656,99.758,99.852,99.937,100.02,100.09,100.15,100.21,100.27,100.32,100.37,100.41,100.45,100.48,100.51,100.54,100.57
38.443,38.492,38.544,38.6,38.66,38.725,38.794,38.868,38.947,39.032,39.123,39.221,39.325,39.437,39.557,39.685,39.822,39.969,40.125,40.292,40.471,40.662,40.866,41.083,41.314,41.561,41.824,42.103,42.401,42.717,43.052,43.408,43.786,44.186,44.609,45.056,45.529,46.027,46.552,47.105,47.686,48.295,48.934,49.603,50.301,51.029,51.788,52.576,53.393,54.24,55.114,56.016,56.944,57.897,58.873,59.87,60.887,61.921,62.971,64.033,65.105,66.184,67.268,68.355,69.44,70.522,71.597,72.663,73.718,74.758,75.782,76.787,77.771,78.733,79.671,80.583,81.469,82.326,83.155,83.955,84.724,85.464,86.174,86.854,87.505,88.125,88.717,89.281,89.816,90.325,90.808,91.265,91.697,92.106,92.492,92.856,93.2,93.523,93.828,94.114,94.383,94.636,94.873,95.096,95.305,95.501,95.684,95.856,96.016,96.167,96.307,96.439,96.562,96.676,96.784,96.884,96.977,97.065,97.146,97.222
42.175,42.218,42.266,42.317,42.372,42.432,42.497,42.567,42.644,42.726,42.815,42.912,43.017,43.13,43.252,43.384,43.526,43.681,43.847,44.026,44.22,44.428,44.653,44.895,45.155,45.435,45.735,46.057,46.403,46.773,47.17,47.593,48.046,48.528,49.042,49.588,50.168,50.783,51.434,52.121,52.846,53.609,54.409,55.248,56.125,57.039,57.99,58.976,59.996,61.048,62.13,63.239,64.374,65.529,66.703,67.891,69.09,70.296,71.505,72.712,73.914,75.107,76.286,77.449,78.591,79.71,80.803,81.866,82.899,83.897,84.861,85.789,86.68,87.533,88.348,89.124,89.863,90.564,91.228,91.856,92.449,93.008,93.533,94.027,94.491,94.925,95.331,95.711,96.066,96.396,96.705,96.992,97.259,97.508,97.739,97.953,98.152,98.336,98.507,98.666,98.813,98.949,99.074,99.191,99.298,99.398,99.49,99.575,99.653,99.726,99.793,99.854,99.911,99.964,100.01,100.06,100.1,100.14,100.17,100.2
38.067,38.076,38.086,38.098,38.11,38.124,38.139,38.156,38.175,38.197,38.22,38.246,38.276,38.308,38.345,38.385,38.43,38.48,38.535,38.597,38.665,38.742,38.826,38.92,39.025,39.141,39.27,39.412,39.571,39.746,39.94,40.155,40.393,40.656,40.946,41.265,41.618,42.005,42.431,42.899,43.411,43.972,44.583,45.25,45.974,46.76,47.609,48.525,49.51,50.565,51.692,52.891,54.16,55.499,56.906,58.376,59.904,61.486,63.113,64.779,66.474,68.19,69.917,71.643,73.361,75.059,76.729,78.361,79.948,81.483,82.96,84.373,85.72,86.998,88.205,89.339,90.403,91.396,92.319,93.176,93.969,94.7,95.373,95.991,96.557,97.074,97.547,97.977,98.369,98.725,99.049,99.342,99.607,99.848,100.07,100.26,100.44,100.6,100.74,100.87,100.99,101.1,101.19,101.28,101.36,101.42,101.49,101.54,101.59,101.64,101.68,101.72,101.75,101.78,101.81,101.83,101.85,101.87,101.89,101.9
38.603,38.637,38.675,38.717,38.762,38.811,38.864,38.922,38.985,39.054,39.129,39.21,39.298,39.395,39.499,39.613,39.736,39.87,40.016,40.173,40.345,40.53,40.731,40.949,41.185,41.44,41.715,42.013,42.334,42.68,43.053,43.454,43.885,44.347,44.843,45.374,45.942,46.548,47.193,47.879,48.608,49.38,50.196,51.056,51.961,52.912,53.906,54.944,56.024,57.145,58.305,59.5,60.729,61.987,63.271,64.576,65.899,67.234,68.577,69.922,71.265,72.6,73.923,75.228,76.512,77.771,79,80.195,81.355,82.477,83.557,84.596,85.591,86.541,87.447,88.308,89.124,89.897,90.626,91.313,91.958,92.565,93.133,93.664,94.16,94.623,95.055,95.456,95.829,96.175,96.497,96.794,97.07,97.325,97.561,97.779,97.98,98.166,98.337,98.495,98.641,98.775,98.899,99.012,99.117,99.213,99.302,99.383,99.458,99.527,99.59,99.648,99.701,99.75,99.795,99.837,99.875,99.91,99.942,99.971
41.985,42.009,42.036,42.065,42.097,42.132,42.171,42.214,42.261,42.312,42.369,42.431,42.499,42.574,42.657,42.747,42.846,42.955,43.074,43.205,43.348,43.505,43.676,43.864,44.069,44.294,44.538,44.805,45.096,45.413,45.758,46.133,46.539,46.98,47.457,47.973,48.529,49.129,49.773,50.464,51.204,51.995,52.837,53.731,54.679,55.68,56.735,57.841,58.998,60.203,61.454,62.747,64.079,65.444,66.837,68.253,69.685,71.128,72.574,74.018,75.451,76.869,78.264,79.632,80.967,82.263,83.518,84.727,85.889,86.999,88.058,89.064,90.016,90.915,91.762,92.557,93.301,93.997,94.645,95.248,95.808,96.327,96.808,97.252,97.661,98.038,98.386,98.705,98.998,99.267,99.514,99.74,99.946,100.14,100.31,100.47,100.61,100.74,100.86,100.97,101.07,101.16,101.25,101.32,101.39,101.45,101.51,101.56,101.61,101.65,101.69,101.73,101.76,101.79,101.82,101.84,101.86,101.88,101.9,101.92
38.955,38.965,38.976,38.988,39.001,39.016,39.032,39.05,39.07,39.091,39.115,39.142,39.171,39.203,39.238,39.277,39.319,39.366,39.418,39.475,39.538,39.607,39.682,39.766,39.857,39.958,40.069,40.19,40.324,40.47,40.63,40.806,40.999,41.21,41.441,41.693,41.969,42.269,42.597,42.954,43.343,43.764,44.222,44.718,45.254,45.833,46.456,47.127,47.846,48.616,49.438,50.313,51.242,52.225,53.262,54.352,55.495,56.687,57.926,59.209,60.531,61.889,63.276,64.686,66.115,67.554,68.997,70.438,71.869,73.285,74.677,76.041,77.372,78.664,79.912,81.115,82.268,83.37,84.418,85.413,86.354,87.24,88.073,88.854,89.584,90.265,90.898,91.486,92.032,92.536,93.001,93.431,93.826,94.19,94.524,94.83,95.111,95.368,95.603,95.818,96.015,96.194,96.358,96.507,96.643,96.767,96.88,96.983,97.076,97.161,97.239,97.309,97.373,97.431,97.484,97.532,97.575,97.615,97.651,97.684
41.471,41.486,41.503,41.522,41.543,41.565,41.59,41.618,41.648,41.681,41.717,41.757,41.8,41.848,41.901,41.959,42.022,42.092,42.168,42.252,42.344,42.445,42.555,42.676,42.808,42.952,43.111,43.284,43.472,43.679,43.904,44.149,44.416,44.707,45.023,45.366,45.739,46.142,46.579,47.051,47.56,48.108,48.697,49.329,50.006,50.728,51.498,52.316,53.183,54.1,55.065,56.079,57.139,58.245,59.394,60.584,61.809,63.068,64.354,65.663,66.99,68.328,69.673,71.017,72.354,73.68,74.987,76.271,77.527,78.75,79.936,81.081,82.183,83.24,84.25,85.211,86.123,86.986,87.8,88.565,89.284,89.956,90.585,91.17,91.715,92.22,92.689,93.123,93.524,93.894,94.235,94.548,94.837,95.102,95.346,95.569,95.774,95.961,96.133,96.29,96.433,96.564,96.684,96.794,96.893,96.985,97.068,97.143,97.213,97.275,97.333,97.385,97.433,97.476,97.516,97.552,97.584,97.614,97.641,97.666
38.524,38.54,38.558,38.578,38.6,38.624,38.65,38.679,38.711,38.746,38.784,38.826,38.872,38.922,38.978,39.038,39.105,39.178,39.258,39.345,39.441,39.546,39.661,39.787,39.924,40.075,40.239,40.418,40.614,40.828,41.062,41.316,41.593,41.894,42.221,42.577,42.963,43.381,43.834,44.323,44.851,45.42,46.032,46.69,47.394,48.148,48.953,49.809,50.719,51.683,52.701,53.772,54.897,56.075,57.302,58.577,59.897,61.258,62.655,64.084,65.539,67.015,68.504,70.002,71.501,72.994,74.476,75.939,77.378,78.787,80.162,81.497,82.789,84.034,85.229,86.374,87.465,88.502,89.486,90.415,91.291,92.114,92.886,93.608,94.283,94.911,95.495,96.038,96.541,97.007,97.437,97.835,98.201,98.538,98.849,99.134,99.397,99.637,99.858,100.06,100.25,100.42,100.57,100.71,100.84,100.96,101.07,101.17,101.26,101.34,101.42,101.49,101.55,101.61,101.66,101.71,101.75,101.79,101.82,101.86
42.424,42.444,42.466,42.49,42.516,42.545,42.576,42.61,42.648,42.688,42.733,42.781,42.834,42.892,42.955,43.024,43.099,43.181,43.27,43.367,43.473,43.589,43.714,43.851,44,44.163,44.339,44.53,44.738,44.964,45.208,45.473,45.76,46.071,46.406,46.769,47.16,47.581,48.033,48.52,49.042,49.601,50.198,50.836,51.515,52.237,53.003,53.814,54.669,55.569,56.515,57.504,58.537,59.611,60.725,61.877,63.063,64.279,65.523,66.79,68.075,69.373,70.68,71.99,73.299,74.6,75.888,77.16,78.41,79.633,80.827,81.987,83.11,84.195,85.238,86.238,87.194,88.105,88.972,89.793,90.57,91.302,91.992,92.64,93.247,93.815,94.346,94.841,95.301,95.73,96.128,96.497,96.839,97.155,97.448,97.718,97.968,98.198,98.41,98.605,98.785,98.951,99.103,99.242,99.371,99.489,99.597,99.696,99.788,99.871,99.948,100.02,100.08,100.14,100.2,100.25,100.29,100.33,100.37,100.4
40.253,40.263,40.274,40.286,40.3,40.315,40.332,40.351,40.372,40.395,40.421,40.449,40.481,40.516,40.556,40.599,40.647,40.701,40.76,40.826,40.899,40.98,41.07,41.17,41.28,41.402,41.537,41.686,41.852,42.034,42.236,42.458,42.703,42.974,43.271,43.598,43.957,44.351,44.782,45.254,45.769,46.331,46.941,47.604,48.322,49.097,49.932,50.828,51.788,52.813,53.902,55.055,56.271,57.549,58.885,60.275,61.714,63.198,64.718,66.268,67.84,69.425,71.014,72.599,74.17,75.72,77.241,78.724,80.163,81.553,82.889,84.166,85.382,86.535,87.624,88.648,89.608,90.504,91.339,92.114,92.831,93.494,94.104,94.665,95.18,95.652,96.083,96.477,96.836,97.163,97.46,97.73,97.975,98.198,98.399,98.582,98.747,98.896,99.031,99.153,99.263,99.363,99.453,99.534,99.607,99.673,99.732,99.785,99.834,99.877,99.916,99.952,99.983,100.01,100.04,100.06,100.08,100.1,100.12,100.13
38.942,38.964,38.989,39.015,39.044,39.076,39.11,39.147,39.188,39.233,39.281,39.334,39.391,39.454,39.522,39.596,39.676,39.764,39.859,39.963,40.076,40.199,40.332,40.477,40.634,40.804,40.989,41.19,41.407,41.642,41.896,42.172,42.469,42.79,43.136,43.509,43.91,44.342,44.805,45.302,45.834,46.404,47.011,47.659,48.347,49.079,49.854,50.673,51.537,52.446,53.4,54.399,55.442,56.526,57.652,58.816,60.015,61.248,62.509,63.796,65.105,66.429,67.765,69.108,70.453,71.794,73.127,74.446,75.748,77.026,78.278,79.499,80.687,81.838,82.949,84.019,85.046,86.03,86.968,87.862,88.71,89.514,90.273,90.989,91.664,92.297,92.891,93.447,93.967,94.452,94.904,95.325,95.716,96.079,96.416,96.729,97.018,97.286,97.533,97.762,97.973,98.168,98.348,98.514,98.666,98.807,98.936,99.056,99.165,99.266,99.359,99.444,99.522,99.594,99.66,99.721,99.776,99.828,99.875,99.918
38.229,38.245,38.262,38.281,38.302,38.325,38.35,38.377,38.407,38.44,38.475,38.515,38.557,38.604,38.655,38.712,38.773,38.84,38.913,38.993,39.081,39.176,39.281,39.395,39.519,39.655,39.803,39.964,40.14,40.331,40.54,40.766,41.013,41.28,41.57,41.885,42.226,42.595,42.994,43.424,43.889,44.389,44.927,45.504,46.123,46.785,47.492,48.245,49.045,49.894,50.793,51.74,52.737,53.783,54.877,56.017,57.201,58.428,59.692,60.992,62.323,63.679,65.057,66.45,67.854,69.262,70.668,72.067,73.453,74.82,76.163,77.478,78.76,80.005,81.209,82.371,83.487,84.556,85.576,86.547,87.469,88.341,89.164,89.94,90.668,91.351,91.99,92.587,93.143,93.661,94.142,94.589,95.002,95.385,95.739,96.066,96.368,96.646,96.902,97.138,97.354,97.554,97.737,97.905,98.059,98.2,98.33,98.449,98.557,98.657,98.748,98.832,98.908,98.978,99.042,99.101,99.154,99.203,99.248,99.289
42.03,42.062,42.096,42.134,42.174,42.218,42.266,42.318,42.375,42.436,42.502,42.575,42.653,42.738,42.83,42.93,43.038,43.155,43.282,43.419,43.568,43.729,43.903,44.091,44.294,44.513,44.749,45.004,45.279,45.574,45.892,46.234,46.6,46.993,47.414,47.864,48.345,48.858,49.405,49.986,50.603,51.257,51.949,52.679,53.449,54.257,55.105,55.992,56.918,57.881,58.88,59.914,60.98,62.077,63.201,64.35,65.519,66.706,67.906,69.116,70.331,71.547,72.76,73.965,75.158,76.335,77.493,78.628,79.737,80.817,81.865,82.879,83.858,84.8,85.703,86.568,87.394,88.18,88.927,89.635,90.306,90.938,91.535,92.096,92.624,93.118,93.581,94.015,94.419,94.797,95.149,95.477,95.782,96.065,96.328,96.573,96.799,97.009,97.203,97.383,97.549,97.703,97.845,97.977,98.098,98.21,98.313,98.408,98.496,98.577,98.652,98.721,98.785,98.843,98.897,98.947,98.992,99.034,99.073,99.109
38.574,38.606,38.641,38.679,38.721,38.765,38.814,38.867,38.924,38.986,39.053,39.126,39.205,39.291,39.384,39.484,39.593,39.711,39.839,39.977,40.127,40.288,40.463,40.652,40.855,41.075,41.312,41.568,41.843,42.139,42.457,42.799,43.166,43.56,43.981,44.432,44.914,45.428,45.976,46.558,47.177,47.834,48.529,49.263,50.036,50.851,51.706,52.601,53.536,54.51,55.523,56.573,57.657,58.774,59.922,61.097,62.296,63.516,64.753,66.002,67.261,68.523,69.785,71.043,72.292,73.528,74.748,75.946,77.12,78.267,79.383,80.466,81.515,82.526,83.499,84.433,85.327,86.18,86.993,87.766,88.498,89.192,89.847,90.464,91.046,91.593,92.105,92.586,93.036,93.456,93.849,94.215,94.556,94.874,95.169,95.443,95.698,95.935,96.154,96.357,96.545,96.72,96.881,97.03,97.168,97.295,97.413,97.521,97.622,97.714,97.8,97.879,97.951,98.018,98.08,98.137,98.19,98.238,98.283,98.324
39.268,39.309,39.354,39.402,39.455,39.512,39.574,39.64,39.713,39.791,39.876,39.969,40.068,40.176,40.293,40.419,40.556,40.703,40.863,41.035,41.221,41.422,41.638,41.871,42.122,42.392,42.683,42.995,43.33,43.69,44.076,44.488,44.929,45.401,45.903,46.438,47.008,47.612,48.253,48.931,49.648,50.403,51.198,52.032,52.906,53.819,54.77,55.759,56.784,57.844,58.937,60.06,61.21,62.385,63.581,64.794,66.021,67.258,68.501,69.745,70.985,72.219,73.442,74.649,75.837,77.003,78.143,79.255,80.335,81.382,82.394,83.369,84.306,85.204,86.063,86.882,87.662,88.402,89.104,89.768,90.395,90.986,91.543,92.065,92.556,93.015,93.446,93.848,94.223,94.574,94.9,95.204,95.487,95.749,95.994,96.22,96.43,96.625,96.806,96.973,97.128,97.271,97.404,97.527,97.64,97.745,97.841,97.931,98.013,98.089,98.16,98.225,98.284,98.34,98.391,98.437,98.481,98.521,98.557,98.591
40.667,40.719,40.775,40.834,40.898,40.967,41.041,41.12,41.204,41.295,41.393,41.498,41.61,41.73,41.858,41.996,42.144,42.301,42.47,42.651,42.844,43.05,43.27,43.504,43.755,44.022,44.306,44.609,44.931,45.274,45.637,46.023,46.432,46.866,47.324,47.809,48.321,48.86,49.428,50.026,50.653,51.311,51.999,52.719,53.47,54.253,55.066,55.909,56.783,57.686,58.617,59.574,60.557,61.564,62.592,63.64,64.705,65.785,66.877,67.979,69.087,70.2,71.313,72.423,73.529,74.627,75.714,76.788,77.845,78.885,79.903,80.899,81.871,82.816,83.735,84.624,85.484,86.314,87.114,87.882,88.618,89.324,89.999,90.643,91.256,91.841,92.396,92.922,93.422,93.894,94.341,94.764,95.162,95.538,95.892,96.225,96.538,96.832,97.109,97.368,97.611,97.839,98.053,98.253,98.44,98.615,98.779,98.932,99.075,99.208,99.333,99.449,99.558,99.659,99.754,99.842,99.924,100,100.07,100.14
38.025,38.041,38.059,38.079,38.101,38.125,38.152,38.181,38.214,38.25,38.29,38.333,38.382,38.435,38.494,38.559,38.631,38.71,38.797,38.893,38.999,39.116,39.244,39.385,39.541,39.712,39.899,40.105,40.332,40.58,40.851,41.149,41.474,41.83,42.218,42.641,43.101,43.601,44.143,44.731,45.366,46.051,46.789,47.581,48.429,49.335,50.3,51.324,52.407,53.55,54.75,56.005,57.314,58.671,60.074,61.516,62.992,64.496,66.02,67.557,69.1,70.641,72.172,73.685,75.174,76.632,78.053,79.431,80.762,82.041,83.266,84.434,85.544,86.594,87.585,88.517,89.39,90.207,90.969,91.677,92.334,92.942,93.504,94.023,94.5,94.939,95.343,95.712,96.05,96.36,96.643,96.901,97.137,97.352,97.547,97.725,97.888,98.035,98.169,98.29,98.401,98.501,98.592,98.675,98.75,98.818,98.879,98.935,98.986,99.031,99.073,99.11,99.145,99.175,99.203,99.229,99.251,99.272,99.291,99.308
38.418,38.486,38.559,38.636,38.72,38.81,38.906,39.009,39.119,39.238,39.364,39.5,39.645,39.801,39.967,40.145,40.335,40.537,40.754,40.985,41.232,41.495,41.775,42.073,42.39,42.727,43.085,43.465,43.868,44.295,44.746,45.223,45.727,46.259,46.819,47.408,48.026,48.675,49.354,50.064,50.805,51.577,52.38,53.214,54.077,54.97,55.89,56.838,57.811,58.808,59.827,60.867,61.924,62.996,64.081,65.176,66.279,67.386,68.495,69.602,70.705,71.801,72.887,73.96,75.018,76.059,77.079,78.078,79.053,80.002,80.924,81.819,82.684,83.519,84.324,85.099,85.842,86.554,87.235,87.886,88.506,89.097,89.658,90.192,90.697,91.176,91.63,92.058,92.462,92.844,93.203,93.542,93.86,94.159,94.44,94.704,94.952,95.184,95.402,95.605,95.796,95.974,96.141,96.297,96.443,96.58,96.707,96.826,96.937,97.04,97.137,97.227,97.311,97.389,97.462,97.53,97.593,97.652,97.708,97.759
39.036,39.088,39.144,39.204,39.269,39.339,39.414,39.495,39.583,39.676,39.777,39.886,40.002,40.128,40.263,40.408,40.563,40.73,40.909,41.101,41.307,41.527,41.763,42.016,42.286,42.575,42.883,43.212,43.563,43.936,44.334,44.757,45.205,45.681,46.186,46.719,47.283,47.878,48.504,49.163,49.855,50.581,51.34,52.132,52.958,53.817,54.708,55.63,56.583,57.565,58.574,59.608,60.666,61.744,62.84,63.952,65.076,66.209,67.348,68.49,69.632,70.769,71.9,73.02,74.126,75.216,76.287,77.336,78.362,79.361,80.332,81.274,82.186,83.065,83.912,84.726,85.506,86.253,86.966,87.647,88.294,88.909,89.492,90.045,90.568,91.062,91.528,91.967,92.38,92.769,93.134,93.477,93.798,94.099,94.381,94.645,94.892,95.122,95.337,95.538,95.725,95.9,96.062,96.214,96.355,96.486,96.608,96.722,96.828,96.926,97.017,97.102,97.181,97.254,97.323,97.386,97.444,97.499,97.549,97.596
42.251,42.257,42.264,42.272,42.281,42.291,42.302,42.314,42.328,42.343,42.36,42.379,42.401,42.425,42.451,42.481,42.514,42.551,42.592,42.638,42.689,42.746,42.81,42.881,42.96,43.048,43.147,43.256,43.377,43.513,43.663,43.83,44.015,44.22,44.448,44.7,44.979,45.288,45.628,46.003,46.416,46.87,47.367,47.912,48.507,49.156,49.861,50.625,51.451,52.341,53.296,54.318,55.406,56.56,57.779,59.06,60.399,61.792,63.232,64.714,66.229,67.77,69.326,70.889,72.448,73.996,75.521,77.017,78.474,79.885,81.245,82.548,83.791,84.97,86.083,87.13,88.11,89.024,89.874,90.661,91.388,92.058,92.673,93.236,93.751,94.221,94.649,95.038,95.391,95.711,96.001,96.263,96.499,96.713,96.906,97.079,97.236,97.376,97.503,97.616,97.719,97.81,97.893,97.967,98.033,98.093,98.146,98.194,98.237,98.276,98.31,98.341,98.369,98.393,98.416,98.436,98.453,98.469,98.484,98.496
40.422,40.449,40.478,40.51,40.544,40.582,40.622,40.667,40.715,40.767,40.824,40.886,40.954,41.027,41.106,41.192,41.286,41.387,41.498,41.617,41.747,41.887,42.039,42.204,42.382,42.575,42.784,43.009,43.252,43.515,43.798,44.103,44.431,44.784,45.163,45.57,46.006,46.473,46.973,47.505,48.073,48.678,49.319,50,50.72,51.48,52.282,53.124,54.007,54.93,55.893,56.895,57.935,59.009,60.117,61.255,62.421,63.61,64.821,66.047,67.286,68.533,69.783,71.032,72.275,73.508,74.727,75.928,77.106,78.258,79.382,80.473,81.53,82.551,83.534,84.478,85.381,86.244,87.066,87.846,88.587,89.287,89.948,90.571,91.157,91.707,92.223,92.706,93.158,93.579,93.972,94.338,94.679,94.995,95.289,95.562,95.815,96.049,96.266,96.466,96.652,96.823,96.981,97.128,97.262,97.387,97.502,97.607,97.705,97.795,97.877,97.954,98.024,98.088,98.148,98.202,98.253,98.299,98.342,98.381
38.848,38.889,38.934,38.982,39.034,39.091,39.152,39.219,39.291,39.369,39.454,39.546,39.645,39.752,39.869,39.994,40.13,40.277,40.436,40.608,40.793,40.992,41.208,41.44,41.69,41.959,42.248,42.559,42.893,43.251,43.634,44.045,44.484,44.953,45.453,45.985,46.551,47.152,47.789,48.463,49.175,49.925,50.714,51.542,52.409,53.314,54.258,55.238,56.254,57.303,58.384,59.495,60.633,61.794,62.975,64.173,65.384,66.604,67.828,69.053,70.275,71.489,72.691,73.877,75.044,76.189,77.307,78.397,79.456,80.481,81.471,82.425,83.341,84.219,85.058,85.858,86.619,87.341,88.026,88.673,89.284,89.86,90.401,90.91,91.388,91.835,92.253,92.644,93.009,93.35,93.667,93.962,94.237,94.492,94.729,94.949,95.153,95.342,95.517,95.679,95.83,95.968,96.097,96.216,96.326,96.427,96.521,96.608,96.687,96.761,96.829,96.892,96.95,97.004,97.053,97.098,97.14,97.179,97.214,97.247
42.437,42.45,42.464,42.479,42.496,42.514,42.534,42.557,42.581,42.608,42.637,42.669,42.704,42.743,42.785,42.832,42.882,42.938,42.999,43.066,43.14,43.22,43.308,43.404,43.51,43.625,43.751,43.889,44.04,44.204,44.384,44.58,44.793,45.026,45.279,45.554,45.854,46.179,46.532,46.914,47.327,47.774,48.257,48.776,49.336,49.936,50.58,51.268,52.003,52.785,53.616,54.497,55.427,56.407,57.435,58.512,59.635,60.803,62.011,63.258,64.54,65.851,67.187,68.543,69.913,71.291,72.671,74.048,75.415,76.767,78.097,79.401,80.674,81.912,83.111,84.267,85.379,86.444,87.461,88.428,89.346,90.214,91.033,91.804,92.527,93.204,93.837,94.427,94.976,95.486,95.96,96.398,96.804,97.178,97.524,97.843,98.136,98.406,98.654,98.882,99.091,99.282,99.458,99.619,99.766,99.901,100.02,100.14,100.24,100.33,100.42,100.5,100.57,100.64,100.7,100.75,100.8,100.85,100.89,100.92
41.323,41.351,41.382,41.416,41.453,41.493,41.538,41.586,41.64,41.698,41.762,41.831,41.908,41.991,42.082,42.182,42.291,42.41,42.541,42.683,42.837,43.006,43.191,43.391,43.609,43.847,44.105,44.386,44.69,45.021,45.378,45.765,46.183,46.635,47.121,47.645,48.207,48.811,49.457,50.147,50.883,51.665,52.496,53.375,54.303,55.28,56.305,57.377,58.495,59.656,60.858,62.099,63.373,64.677,66.006,67.356,68.72,70.094,71.47,72.845,74.211,75.563,76.895,78.203,79.482,80.727,81.935,83.102,84.226,85.305,86.336,87.32,88.254,89.14,89.978,90.767,91.509,92.205,92.857,93.467,94.035,94.564,95.055,95.511,95.934,96.325,96.687,97.021,97.329,97.612,97.874,98.114,98.335,98.538,98.724,98.895,99.052,99.196,99.328,99.448,99.559,99.66,99.752,99.837,99.914,99.985,100.05,100.11,100.16,100.21,100.26,100.3,100.33,100.37,100.4,100.43,100.45,100.48,100.5,100.52
41.781,41.815,41.851,41.891,41.934,41.981,42.031,42.085,42.143,42.207,42.275,42.348,42.428,42.513,42.606,42.705,42.813,42.928,43.053,43.187,43.332,43.487,43.655,43.835,44.028,44.236,44.459,44.698,44.954,45.229,45.523,45.837,46.173,46.532,46.915,47.323,47.757,48.219,48.709,49.229,49.779,50.361,50.975,51.622,52.302,53.017,53.766,54.549,55.366,56.216,57.099,58.015,58.961,59.936,60.938,61.966,63.017,64.088,65.176,66.28,67.394,68.517,69.644,70.772,71.898,73.018,74.129,75.227,76.31,77.374,78.416,79.435,80.428,81.392,82.327,83.231,84.102,84.94,85.745,86.515,87.251,87.953,88.621,89.256,89.858,90.429,90.967,91.476,91.956,92.407,92.832,93.23,93.604,93.955,94.283,94.59,94.876,95.144,95.394,95.627,95.844,96.047,96.235,96.41,96.573,96.724,96.865,96.996,97.117,97.23,97.334,97.431,97.521,97.604,97.681,97.753,97.819,97.88,97.937,97.99
41.869,41.878,41.889,41.901,41.915,41.93,41.946,41.965,41.986,42.008,42.034,42.062,42.094,42.128,42.167,42.21,42.258,42.312,42.371,42.436,42.509,42.59,42.68,42.779,42.89,43.012,43.147,43.297,43.463,43.647,43.849,44.073,44.32,44.593,44.892,45.222,45.585,45.982,46.418,46.894,47.415,47.982,48.598,49.267,49.991,50.773,51.614,52.517,53.482,54.51,55.602,56.756,57.971,59.244,60.573,61.951,63.375,64.837,66.332,67.85,69.384,70.925,72.465,73.994,75.505,76.989,78.438,79.846,81.207,82.516,83.768,84.962,86.093,87.162,88.168,89.11,89.991,90.81,91.571,92.275,92.924,93.523,94.072,94.576,95.038,95.459,95.844,96.194,96.513,96.803,97.066,97.304,97.52,97.716,97.893,98.053,98.197,98.328,98.446,98.552,98.648,98.734,98.812,98.882,98.945,99.002,99.054,99.1,99.141,99.179,99.212,99.242,99.27,99.294,99.316,99.336,99.354,99.37,99.384,99.397
42.262,42.283,42.306,42.33,42.358,42.388,42.42,42.456,42.496,42.539,42.586,42.638,42.695,42.758,42.826,42.901,42.983,43.073,43.171,43.279,43.397,43.525,43.666,43.819,43.987,44.17,44.37,44.588,44.825,45.083,45.364,45.669,46,46.359,46.749,47.17,47.625,48.116,48.645,49.214,49.826,50.481,51.181,51.929,52.725,53.57,54.465,55.411,56.407,57.453,58.548,59.689,60.876,62.104,63.371,64.673,66.005,67.363,68.74,70.131,71.531,72.933,74.332,75.72,77.093,78.444,79.769,81.062,82.319,83.537,84.711,85.841,86.923,87.956,88.939,89.871,90.754,91.586,92.369,93.104,93.792,94.436,95.036,95.594,96.113,96.595,97.041,97.453,97.834,98.186,98.51,98.809,99.084,99.336,99.568,99.781,99.976,100.15,100.32,100.47,100.61,100.73,100.85,100.95,101.05,101.14,101.22,101.29,101.36,101.42,101.47,101.52,101.57,101.61,101.65,101.68,101.72,101.75,101.77,101.8
42.055,42.08,42.108,42.138,42.171,42.206,42.245,42.286,42.332,42.381,42.435,42.493,42.557,42.626,42.7,42.781,42.869,42.965,43.068,43.18,43.301,43.433,43.576,43.73,43.897,44.077,44.272,44.483,44.711,44.956,45.221,45.506,45.813,46.143,46.497,46.878,47.286,47.723,48.19,48.689,49.221,49.787,50.39,51.029,51.705,52.421,53.176,53.97,54.804,55.678,56.592,57.543,58.532,59.557,60.616,61.706,62.826,63.971,65.14,66.328,67.531,68.745,69.967,71.191,72.414,73.631,74.837,76.029,77.203,78.355,79.482,80.58,81.647,82.681,83.68,84.641,85.564,86.449,87.293,88.098,88.863,89.589,90.276,90.925,91.536,92.112,92.653,93.161,93.636,94.08,94.496,94.883,95.245,95.581,95.894,96.184,96.454,96.704,96.937,97.152,97.351,97.535,97.705,97.863,98.008,98.143,98.267,98.381,98.487,98.584,98.674,98.757,98.833,98.903,98.968,99.027,99.082,99.133,99.179,99.222
40.659,40.697,40.738,40.781,40.828,40.879,40.933,40.991,41.054,41.121,41.193,41.271,41.354,41.444,41.54,41.643,41.753,41.872,41.999,42.135,42.281,42.437,42.604,42.783,42.975,43.18,43.399,43.633,43.882,44.149,44.433,44.736,45.058,45.401,45.765,46.152,46.563,46.999,47.46,47.948,48.463,49.007,49.58,50.183,50.816,51.481,52.177,52.905,53.665,54.457,55.281,56.136,57.021,57.936,58.879,59.85,60.847,61.867,62.909,63.971,65.05,66.144,67.25,68.364,69.485,70.609,71.733,72.854,73.969,75.075,76.169,77.249,78.311,79.354,80.375,81.372,82.343,83.287,84.203,85.089,85.944,86.769,87.561,88.322,89.051,89.748,90.413,91.048,91.651,92.225,92.77,93.285,93.774,94.236,94.672,95.083,95.471,95.836,96.179,96.502,96.805,97.089,97.356,97.606,97.841,98.06,98.265,98.457,98.636,98.804,98.96,99.107,99.243,99.37,99.489,99.6,99.703,99.799,99.888,99.972
38.975,39.019,39.067,39.119,39.174,39.235,39.3,39.37,39.446,39.528,39.617,39.713,39.817,39.928,40.049,40.178,40.319,40.469,40.632,40.807,40.995,41.198,41.416,41.65,41.902,42.172,42.461,42.772,43.104,43.459,43.839,44.245,44.677,45.138,45.629,46.15,46.703,47.289,47.91,48.565,49.256,49.983,50.748,51.549,52.388,53.263,54.175,55.123,56.105,57.12,58.167,59.244,60.348,61.476,62.627,63.796,64.981,66.178,67.382,68.591,69.801,71.008,72.207,73.396,74.57,75.727,76.862,77.974,79.059,80.115,81.14,82.133,83.091,84.014,84.9,85.75,86.562,87.338,88.076,88.778,89.445,90.075,90.672,91.235,91.766,92.265,92.735,93.176,93.59,93.977,94.34,94.679,94.996,95.291,95.567,95.824,96.063,96.286,96.493,96.686,96.865,97.031,97.185,97.329,97.461,97.585,97.699,97.805,97.903,97.994,98.078,98.156,98.228,98.294,98.356,98.413,98.466,98.515,98.56,98.602
37.969,37.991,38.015,38.041,38.069,38.101,38.135,38.172,38.213,38.258,38.307,38.361,38.42,38.484,38.554,38.631,38.716,38.808,38.908,39.018,39.138,39.269,39.412,39.568,39.739,39.924,40.126,40.346,40.585,40.846,41.128,41.435,41.768,42.129,42.519,42.941,43.396,43.887,44.416,44.984,45.594,46.248,46.947,47.692,48.486,49.329,50.223,51.167,52.162,53.208,54.303,55.447,56.637,57.871,59.147,60.46,61.806,63.181,64.58,65.997,67.427,68.863,70.3,71.732,73.152,74.555,75.935,77.287,78.607,79.89,81.133,82.332,83.485,84.59,85.645,86.65,87.604,88.508,89.361,90.164,90.919,91.627,92.289,92.907,93.484,94.02,94.518,94.981,95.409,95.805,96.171,96.509,96.821,97.108,97.373,97.616,97.84,98.045,98.234,98.407,98.566,98.711,98.845,98.967,99.078,99.181,99.275,99.36,99.439,99.51,99.576,99.636,99.69,99.74,99.786,99.828,99.866,99.9,99.932,99.961
39.306,39.353,39.403,39.457,39.515,39.578,39.646,39.719,39.798,39.882,39.973,40.071,40.177,40.29,40.412,40.543,40.684,40.836,40.998,41.173,41.36,41.561,41.776,42.007,42.254,42.518,42.8,43.102,43.424,43.768,44.134,44.524,44.939,45.38,45.848,46.344,46.869,47.424,48.01,48.628,49.278,49.962,50.679,51.429,52.213,53.031,53.882,54.766,55.681,56.627,57.603,58.606,59.635,60.688,61.762,62.856,63.965,65.087,66.219,67.357,68.499,69.641,70.78,71.912,73.034,74.143,75.236,76.31,77.362,78.391,79.394,80.369,81.315,82.23,83.114,83.964,84.782,85.566,86.316,87.032,87.715,88.365,88.983,89.569,90.123,90.648,91.144,91.612,92.052,92.467,92.856,93.222,93.566,93.888,94.189,94.472,94.736,94.982,95.213,95.428,95.629,95.816,95.99,96.153,96.304,96.445,96.576,96.698,96.811,96.916,97.014,97.105,97.19,97.268,97.341,97.409,97.472,97.53,97.584,97.634
41.62,41.623,41.627,41.631,41.636,41.641,41.647,41.654,41.661,41.67,41.679,41.69,41.702,41.716,41.731,41.748,41.767,41.789,41.813,41.841,41.872,41.907,41.946,41.989,42.039,42.094,42.156,42.226,42.304,42.392,42.491,42.601,42.725,42.864,43.02,43.194,43.388,43.606,43.848,44.119,44.421,44.756,45.129,45.543,46.002,46.509,47.068,47.684,48.361,49.103,49.913,50.795,51.752,52.786,53.899,55.092,56.365,57.716,59.141,60.638,62.199,63.819,65.487,67.195,68.931,70.684,72.442,74.193,75.924,77.624,79.282,80.889,82.437,83.918,85.327,86.661,87.916,89.091,90.187,91.203,92.143,93.009,93.803,94.53,95.193,95.796,96.344,96.84,97.288,97.692,98.057,98.384,98.679,98.943,99.18,99.392,99.582,99.752,99.903,100.04,100.16,100.27,100.36,100.45,100.53,100.59,100.65,100.71,100.76,100.8,100.84,100.87,100.9,100.93,100.95,100.97,100.99,101.01,101.02,101.04
38.938,38.979,39.024,39.072,39.124,39.181,39.242,39.308,39.379,39.457,39.54,39.631,39.729,39.834,39.948,40.071,40.204,40.347,40.502,40.668,40.848,41.041,41.249,41.473,41.714,41.973,42.25,42.548,42.868,43.21,43.576,43.967,44.385,44.831,45.306,45.811,46.348,46.918,47.521,48.159,48.833,49.542,50.289,51.072,51.893,52.75,53.644,54.573,55.538,56.535,57.564,58.623,59.71,60.821,61.954,63.106,64.274,65.453,66.64,67.832,69.025,70.213,71.395,72.566,73.722,74.86,75.976,77.069,78.135,79.171,80.177,81.149,82.087,82.989,83.856,84.685,85.477,86.232,86.951,87.633,88.28,88.891,89.469,90.013,90.526,91.008,91.461,91.885,92.283,92.655,93.003,93.327,93.63,93.913,94.176,94.421,94.649,94.86,95.057,95.24,95.41,95.567,95.713,95.848,95.973,96.089,96.197,96.296,96.389,96.474,96.553,96.625,96.693,96.755,96.813,96.866,96.915,96.961,97.002,97.041
40.791,40.808,40.827,40.847,40.87,40.895,40.922,40.952,40.985,41.022,41.062,41.106,41.155,41.209,41.268,41.333,41.404,41.483,41.569,41.664,41.768,41.883,42.008,42.146,42.298,42.464,42.646,42.845,43.063,43.301,43.562,43.846,44.156,44.494,44.862,45.263,45.697,46.168,46.678,47.229,47.824,48.464,49.152,49.89,50.679,51.52,52.415,53.365,54.369,55.427,56.538,57.701,58.913,60.172,61.473,62.814,64.188,65.59,67.015,68.455,69.905,71.358,72.806,74.242,75.661,77.056,78.421,79.75,81.04,82.286,83.484,84.632,85.728,86.77,87.758,88.692,89.571,90.397,91.171,91.894,92.568,93.195,93.777,94.316,94.814,95.274,95.699,96.089,96.448,96.778,97.081,97.358,97.612,97.844,98.057,98.251,98.428,98.589,98.737,98.871,98.993,99.105,99.206,99.298,99.382,99.459,99.528,99.591,99.649,99.701,99.748,99.792,99.831,99.866,99.898,99.928,99.954,99.978,100,100.02
40.438,40.474,40.513,40.555,40.601,40.65,40.703,40.761,40.823,40.891,40.964,41.043,41.128,41.22,41.32,41.427,41.544,41.669,41.804,41.951,42.108,42.278,42.461,42.658,42.871,43.099,43.344,43.608,43.892,44.195,44.521,44.87,45.244,45.643,46.07,46.525,47.01,47.526,48.075,48.657,49.274,49.926,50.615,51.341,52.106,52.908,53.749,54.628,55.545,56.499,57.489,58.515,59.573,60.663,61.782,62.927,64.096,65.285,66.492,67.711,68.94,70.174,71.411,72.644,73.871,75.088,76.291,77.476,78.64,79.78,80.893,81.976,83.027,84.045,85.028,85.974,86.883,87.753,88.586,89.38,90.136,90.854,91.535,92.18,92.789,93.364,93.905,94.414,94.892,95.341,95.762,96.156,96.524,96.868,97.189,97.488,97.767,98.027,98.268,98.493,98.702,98.896,99.076,99.243,99.398,99.542,99.675,99.799,99.913,100.02,100.12,100.21,100.29,100.37,100.44,100.51,100.57,100.62,100.68,100.73
41.35,41.362,41.375,41.389,41.404,41.421,41.44,41.461,41.484,41.509,41.536,41.567,41.601,41.638,41.679,41.724,41.773,41.828,41.888,41.954,42.027,42.107,42.195,42.291,42.398,42.515,42.643,42.784,42.939,43.108,43.294,43.498,43.721,43.965,44.232,44.524,44.842,45.188,45.566,45.976,46.421,46.905,47.428,47.993,48.603,49.259,49.964,50.72,51.528,52.39,53.306,54.276,55.302,56.382,57.516,58.701,59.934,61.214,62.535,63.894,65.284,66.701,68.139,69.589,71.047,72.504,73.954,75.389,76.804,78.193,79.548,80.866,82.142,83.371,84.551,85.68,86.756,87.777,88.743,89.654,90.511,91.314,92.065,92.766,93.418,94.024,94.586,95.105,95.585,96.027,96.435,96.809,97.153,97.469,97.758,98.023,98.265,98.486,98.689,98.873,99.041,99.195,99.335,99.462,99.578,99.684,99.779,99.867,99.946,100.02,100.08,100.14,100.2,100.25,100.29,100.33,100.37,100.4,100.43,100.46
39.605,39.638,39.674,39.713,39.756,39.803,39.853,39.908,39.968,40.033,40.104,40.181,40.264,40.355,40.454,40.562,40.678,40.805,40.942,41.091,41.252,41.427,41.617,41.822,42.044,42.284,42.544,42.824,43.126,43.452,43.802,44.179,44.585,45.019,45.485,45.984,46.517,47.086,47.692,48.337,49.02,49.745,50.511,51.318,52.168,53.06,53.993,54.967,55.981,57.034,58.123,59.246,60.4,61.582,62.789,64.017,65.261,66.518,67.782,69.05,70.315,71.575,72.823,74.056,75.269,76.459,77.622,78.754,79.853,80.916,81.941,82.927,83.873,84.776,85.638,86.458,87.236,87.972,88.667,89.323,89.94,90.519,91.063,91.571,92.047,92.49,92.904,93.289,93.647,93.98,94.288,94.575,94.84,95.085,95.312,95.522,95.716,95.896,96.061,96.213,96.354,96.484,96.603,96.713,96.814,96.907,96.993,97.072,97.144,97.211,97.272,97.329,97.38,97.428,97.472,97.512,97.549,97.583,97.614,97.642
41.631,41.689,41.751,41.818,41.889,41.966,42.049,42.137,42.232,42.334,42.443,42.56,42.686,42.82,42.964,43.118,43.283,43.459,43.648,43.849,44.065,44.294,44.54,44.801,45.08,45.376,45.692,46.028,46.384,46.763,47.164,47.59,48.04,48.516,49.018,49.547,50.105,50.692,51.308,51.953,52.629,53.336,54.072,54.84,55.637,56.464,57.32,58.204,59.115,60.052,61.013,61.996,63,64.023,65.061,66.113,67.176,68.247,69.323,70.402,71.481,72.556,73.625,74.685,75.734,76.768,77.786,78.785,79.762,80.717,81.647,82.551,83.428,84.276,85.096,85.885,86.644,87.373,88.071,88.739,89.377,89.985,90.564,91.114,91.637,92.132,92.601,93.044,93.463,93.858,94.231,94.582,94.912,95.223,95.515,95.789,96.046,96.287,96.513,96.724,96.922,97.107,97.281,97.443,97.594,97.735,97.867,97.99,98.105,98.212,98.312,98.406,98.492,98.573,98.649,98.719,98.785,98.846,98.902,98.955
37.887,37.916,37.947,37.981,38.018,38.058,38.101,38.148,38.199,38.254,38.314,38.378,38.448,38.524,38.606,38.695,38.792,38.896,39.009,39.131,39.262,39.405,39.559,39.725,39.904,40.098,40.307,40.532,40.774,41.035,41.316,41.618,41.942,42.29,42.663,43.062,43.49,43.947,44.435,44.955,45.509,46.098,46.723,47.385,48.086,48.827,49.607,50.427,51.289,52.191,53.133,54.115,55.136,56.194,57.287,58.415,59.574,60.761,61.974,63.209,64.463,65.731,67.009,68.294,69.581,70.865,72.142,73.409,74.66,75.892,77.102,78.286,79.441,80.565,81.654,82.708,83.723,84.7,85.637,86.534,87.39,88.206,88.981,89.716,90.412,91.069,91.69,92.274,92.824,93.34,93.823,94.277,94.701,95.097,95.466,95.811,96.132,96.431,96.71,96.968,97.208,97.431,97.638,97.83,98.007,98.172,98.324,98.465,98.596,98.717,98.828,98.931,99.027,99.115,99.196,99.271,99.34,99.404,99.464,99.518
42.121,42.131,42.142,42.154,42.168,42.184,42.201,42.22,42.241,42.265,42.291,42.321,42.353,42.39,42.43,42.475,42.525,42.581,42.642,42.711,42.787,42.872,42.966,43.071,43.187,43.315,43.458,43.615,43.79,43.984,44.197,44.434,44.695,44.982,45.299,45.648,46.031,46.451,46.912,47.416,47.965,48.564,49.215,49.921,50.684,51.507,52.391,53.339,54.351,55.426,56.566,57.768,59.029,60.348,61.719,63.137,64.596,66.09,67.61,69.147,70.694,72.242,73.78,75.302,76.797,78.259,79.68,81.055,82.377,83.643,84.849,85.993,87.073,88.089,89.041,89.93,90.757,91.524,92.233,92.888,93.491,94.044,94.55,95.014,95.437,95.822,96.173,96.492,96.782,97.045,97.283,97.498,97.693,97.869,98.028,98.171,98.301,98.417,98.523,98.617,98.703,98.78,98.849,98.911,98.967,99.017,99.063,99.103,99.14,99.173,99.202,99.229,99.253,99.274,99.294,99.311,99.327,99.34,99.353,99.364
41.981,42.01,42.041,42.075,42.112,42.153,42.197,42.246,42.3,42.358,42.423,42.493,42.57,42.653,42.745,42.846,42.955,43.075,43.206,43.348,43.504,43.674,43.859,44.06,44.28,44.518,44.778,45.06,45.366,45.697,46.057,46.445,46.866,47.319,47.808,48.334,48.9,49.507,50.156,50.85,51.591,52.378,53.214,54.099,55.034,56.018,57.051,58.132,59.26,60.432,61.647,62.9,64.188,65.507,66.853,68.22,69.603,70.996,72.393,73.789,75.177,76.552,77.908,79.241,80.544,81.814,83.047,84.239,85.388,86.491,87.547,88.554,89.512,90.421,91.28,92.09,92.852,93.568,94.238,94.864,95.449,95.993,96.499,96.969,97.405,97.808,98.181,98.526,98.843,99.136,99.406,99.654,99.883,100.09,100.28,100.46,100.62,100.77,100.91,101.03,101.15,101.25,101.35,101.44,101.52,101.59,101.66,101.72,101.77,101.82,101.87,101.91,101.95,101.99,102.02,102.05,102.08,102.1,102.12,102.14
40.893,40.935,40.98,41.028,41.081,41.138,41.201,41.268,41.341,41.42,41.506,41.599,41.7,41.809,41.927,42.055,42.193,42.342,42.504,42.679,42.867,43.071,43.29,43.527,43.782,44.057,44.353,44.67,45.012,45.378,45.77,46.191,46.64,47.12,47.633,48.179,48.759,49.376,50.03,50.722,51.453,52.224,53.035,53.886,54.777,55.708,56.678,57.686,58.731,59.81,60.922,62.065,63.235,64.429,65.643,66.875,68.119,69.372,70.63,71.888,73.141,74.387,75.619,76.835,78.03,79.202,80.346,81.461,82.543,83.59,84.6,85.573,86.507,87.401,88.254,89.068,89.841,90.575,91.27,91.926,92.545,93.128,93.677,94.191,94.674,95.125,95.548,95.942,96.31,96.653,96.972,97.269,97.545,97.802,98.04,98.26,98.465,98.654,98.83,98.992,99.143,99.282,99.41,99.529,99.639,99.74,99.833,99.92,99.999,100.07,100.14,100.2,100.26,100.31,100.36,100.41,100.45,100.49,100.52,100.56
41.229,41.239,41.25,41.262,41.276,41.291,41.307,41.326,41.346,41.368,41.393,41.42,41.45,41.484,41.52,41.561,41.606,41.656,41.71,41.771,41.838,41.911,41.993,42.082,42.181,42.29,42.41,42.542,42.688,42.848,43.024,43.218,43.431,43.664,43.92,44.2,44.507,44.842,45.208,45.608,46.043,46.516,47.03,47.587,48.189,48.84,49.54,50.292,51.099,51.961,52.879,53.854,54.886,55.974,57.118,58.315,59.563,60.857,62.195,63.57,64.977,66.411,67.864,69.328,70.798,72.264,73.721,75.16,76.575,77.959,79.306,80.613,81.873,83.083,84.24,85.343,86.39,87.38,88.312,89.189,90.009,90.775,91.489,92.152,92.766,93.335,93.859,94.343,94.787,95.196,95.571,95.914,96.228,96.514,96.776,97.015,97.233,97.431,97.612,97.776,97.925,98.061,98.184,98.296,98.397,98.489,98.572,98.648,98.716,98.778,98.835,98.886,98.932,98.973,99.011,99.045,99.076,99.104,99.13,99.153
38.397,38.443,38.493,38.547,38.605,38.667,38.734,38.806,38.883,38.966,39.056,39.151,39.254,39.365,39.484,39.611,39.747,39.894,40.051,40.219,40.399,40.592,40.799,41.02,41.256,41.509,41.779,42.067,42.374,42.701,43.05,43.421,43.816,44.235,44.68,45.152,45.652,46.181,46.739,47.329,47.95,48.604,49.291,50.012,50.767,51.556,52.38,53.237,54.129,55.055,56.013,57.002,58.022,59.071,60.146,61.247,62.37,63.513,64.674,65.849,67.036,68.231,69.431,70.634,71.834,73.03,74.218,75.395,76.557,77.702,78.828,79.93,81.009,82.06,83.083,84.075,85.037,85.965,86.861,87.722,88.549,89.342,90.1,90.824,91.515,92.172,92.797,93.389,93.951,94.483,94.986,95.46,95.908,96.33,96.727,97.1,97.451,97.781,98.09,98.38,98.652,98.906,99.144,99.366,99.574,99.769,99.95,100.12,100.28,100.43,100.56,100.69,100.81,100.92,101.03,101.12,101.21,101.3,101.37,101.45
42.527,42.548,42.571,42.596,42.623,42.653,42.686,42.723,42.762,42.805,42.853,42.905,42.962,43.024,43.092,43.167,43.248,43.337,43.435,43.541,43.657,43.785,43.923,44.074,44.239,44.419,44.615,44.828,45.06,45.312,45.586,45.883,46.205,46.553,46.93,47.338,47.777,48.251,48.76,49.307,49.893,50.52,51.189,51.902,52.66,53.463,54.312,55.207,56.148,57.135,58.165,59.237,60.35,61.499,62.683,63.897,65.138,66.4,67.678,68.968,70.264,71.56,72.851,74.132,75.397,76.641,77.86,79.049,80.205,81.323,82.403,83.44,84.433,85.382,86.285,87.141,87.952,88.717,89.437,90.113,90.747,91.34,91.893,92.408,92.887,93.332,93.745,94.127,94.48,94.806,95.107,95.384,95.64,95.875,96.091,96.29,96.472,96.639,96.793,96.933,97.062,97.18,97.288,97.387,97.478,97.56,97.636,97.705,97.768,97.826,97.879,97.927,97.971,98.011,98.048,98.081,98.112,98.139,98.165,98.188
42.655,42.695,42.739,42.787,42.838,42.894,42.954,43.019,43.089,43.165,43.246,43.335,43.43,43.534,43.645,43.765,43.895,44.034,44.185,44.347,44.522,44.71,44.912,45.129,45.363,45.614,45.883,46.172,46.481,46.812,47.167,47.545,47.949,48.379,48.837,49.325,49.842,50.391,50.972,51.587,52.235,52.918,53.636,54.389,55.177,56.001,56.86,57.753,58.679,59.637,60.625,61.642,62.686,63.753,64.842,65.949,67.071,68.205,69.348,70.495,71.643,72.788,73.927,75.056,76.172,77.271,78.35,79.407,80.439,81.443,82.418,83.362,84.273,85.151,85.994,86.802,87.574,88.311,89.013,89.68,90.313,90.912,91.479,92.013,92.517,92.991,93.437,93.855,94.247,94.614,94.958,95.279,95.579,95.859,96.119,96.362,96.589,96.799,96.995,97.177,97.346,97.503,97.648,97.783,97.908,98.024,98.132,98.232,98.324,98.409,98.488,98.562,98.629,98.692,98.75,98.803,98.853,98.899,98.941,98.98
40.237,40.293,40.354,40.418,40.487,40.561,40.641,40.727,40.818,40.916,41.022,41.134,41.255,41.384,41.523,41.671,41.83,41.999,42.18,42.374,42.581,42.801,43.037,43.288,43.556,43.84,44.144,44.466,44.808,45.172,45.558,45.967,46.399,46.857,47.341,47.851,48.388,48.954,49.549,50.173,50.827,51.511,52.226,52.971,53.746,54.552,55.387,56.252,57.144,58.064,59.009,59.978,60.97,61.983,63.014,64.061,65.122,66.194,67.275,68.361,69.451,70.54,71.626,72.706,73.778,74.838,75.885,76.915,77.927,78.918,79.887,80.831,81.75,82.641,83.504,84.339,85.143,85.918,86.662,87.375,88.058,88.711,89.334,89.927,90.492,91.029,91.538,92.02,92.477,92.909,93.317,93.701,94.064,94.406,94.728,95.03,95.314,95.581,95.832,96.066,96.287,96.493,96.686,96.867,97.036,97.194,97.342,97.48,97.609,97.729,97.842,97.947,98.045,98.136,98.221,98.301,98.375,98.444,98.508,98.568
38.42,38.46,38.504,38.551,38.602,38.657,38.717,38.783,38.853,38.93,39.013,39.104,39.201,39.307,39.422,39.546,39.681,39.826,39.984,40.154,40.338,40.536,40.751,40.982,41.232,41.5,41.79,42.101,42.436,42.796,43.182,43.596,44.039,44.513,45.019,45.559,46.134,46.746,47.396,48.084,48.813,49.582,50.393,51.246,52.14,53.077,54.054,55.072,56.13,57.225,58.355,59.519,60.714,61.936,63.183,64.449,65.732,67.027,68.33,69.636,70.941,72.24,73.529,74.803,76.059,77.292,78.499,79.676,80.822,81.932,83.006,84.041,85.037,85.991,86.904,87.774,88.603,89.391,90.137,90.842,91.509,92.137,92.728,93.283,93.803,94.291,94.747,95.173,95.571,95.942,96.288,96.609,96.908,97.185,97.443,97.682,97.904,98.109,98.299,98.475,98.638,98.788,98.928,99.056,99.175,99.285,99.386,99.479,99.565,99.645,99.718,99.786,99.848,99.906,99.958,100.01,100.05,100.09,100.13,100.17
41.81,41.843,41.879,41.919,41.961,42.008,42.059,42.114,42.174,42.24,42.311,42.389,42.474,42.566,42.667,42.776,42.895,43.024,43.164,43.316,43.481,43.661,43.855,44.066,44.294,44.541,44.808,45.097,45.408,45.745,46.107,46.496,46.915,47.365,47.847,48.364,48.916,49.504,50.131,50.798,51.505,52.254,53.044,53.877,54.753,55.67,56.629,57.628,58.667,59.742,60.851,61.992,63.162,64.357,65.573,66.806,68.052,69.305,70.56,71.814,73.062,74.298,75.518,76.717,77.893,79.04,80.157,81.239,82.285,83.292,84.26,85.186,86.07,86.912,87.711,88.468,89.184,89.859,90.494,91.091,91.65,92.174,92.663,93.119,93.545,93.94,94.308,94.649,94.966,95.259,95.531,95.782,96.014,96.228,96.426,96.608,96.776,96.931,97.074,97.205,97.326,97.437,97.539,97.633,97.719,97.798,97.871,97.938,97.999,98.056,98.107,98.155,98.198,98.238,98.275,98.308,98.339,98.367,98.393,98.417
38.005,38.024,38.045,38.068,38.094,38.122,38.153,38.186,38.223,38.264,38.308,38.357,38.41,38.469,38.533,38.603,38.68,38.764,38.856,38.957,39.068,39.189,39.321,39.465,39.623,39.795,39.984,40.189,40.412,40.656,40.921,41.21,41.524,41.864,42.234,42.634,43.067,43.535,44.04,44.585,45.17,45.8,46.474,47.195,47.965,48.785,49.656,50.579,51.554,52.581,53.66,54.79,55.969,57.194,58.463,59.772,61.118,62.496,63.9,65.326,66.767,68.218,69.671,71.121,72.561,73.985,75.388,76.764,78.107,79.414,80.68,81.902,83.078,84.204,85.279,86.303,87.275,88.194,89.062,89.878,90.645,91.363,92.034,92.66,93.242,93.784,94.287,94.752,95.183,95.581,95.949,96.287,96.599,96.886,97.15,97.392,97.614,97.818,98.005,98.177,98.333,98.477,98.608,98.729,98.838,98.939,99.03,99.114,99.19,99.26,99.324,99.382,99.435,99.484,99.528,99.568,99.605,99.638,99.669,99.696
42.076,42.108,42.143,42.18,42.221,42.266,42.313,42.365,42.421,42.481,42.547,42.617,42.694,42.776,42.865,42.961,43.065,43.177,43.298,43.428,43.569,43.72,43.884,44.06,44.249,44.452,44.671,44.907,45.16,45.431,45.722,46.034,46.368,46.726,47.108,47.516,47.951,48.415,48.908,49.433,49.989,50.579,51.203,51.863,52.558,53.29,54.059,54.865,55.709,56.589,57.507,58.46,59.447,60.468,61.52,62.602,63.711,64.845,66,67.174,68.363,69.563,70.771,71.983,73.195,74.404,75.605,76.794,77.969,79.125,80.26,81.371,82.455,83.509,84.532,85.521,86.476,87.396,88.279,89.125,89.933,90.704,91.439,92.136,92.798,93.424,94.016,94.575,95.101,95.597,96.062,96.499,96.909,97.292,97.651,97.987,98.3,98.592,98.865,99.119,99.355,99.575,99.78,99.97,100.15,100.31,100.46,100.6,100.74,100.86,100.97,101.07,101.17,101.26,101.34,101.42,101.49,101.56,101.62,101.67
39.022,39.035,39.049,39.064,39.081,39.1,39.121,39.143,39.168,39.196,39.226,39.259,39.295,39.335,39.379,39.428,39.481,39.539,39.603,39.674,39.751,39.836,39.929,40.031,40.143,40.266,40.401,40.548,40.71,40.887,41.08,41.291,41.522,41.775,42.05,42.349,42.676,43.031,43.417,43.836,44.29,44.781,45.313,45.886,46.503,47.167,47.879,48.642,49.456,50.324,51.246,52.223,53.254,54.341,55.481,56.674,57.917,59.207,60.541,61.914,63.322,64.76,66.221,67.7,69.19,70.683,72.174,73.655,75.119,76.562,77.975,79.355,80.696,81.994,83.245,84.446,85.595,86.691,87.733,88.719,89.65,90.527,91.35,92.122,92.842,93.514,94.139,94.72,95.258,95.756,96.217,96.641,97.033,97.393,97.724,98.028,98.308,98.564,98.798,99.013,99.209,99.389,99.553,99.702,99.839,99.964,100.08,100.18,100.28,100.36,100.44,100.51,100.58,100.64,100.69,100.74,100.78,100.83,100.86,100.9
40.698,40.709,40.722,40.735,40.75,40.767,40.786,40.807,40.83,40.856,40.885,40.917,40.953,40.993,41.037,41.086,41.14,41.201,41.269,41.343,41.427,41.519,41.622,41.735,41.862,42.002,42.157,42.328,42.518,42.729,42.961,43.218,43.501,43.813,44.156,44.534,44.948,45.403,45.9,46.444,47.037,47.682,48.382,49.141,49.96,50.842,51.789,52.802,53.881,55.027,56.239,57.515,58.852,60.246,61.693,63.187,64.721,66.287,67.877,69.483,71.095,72.704,74.3,75.875,77.42,78.928,80.391,81.803,83.159,84.455,85.688,86.855,87.957,88.991,89.959,90.862,91.702,92.48,93.199,93.862,94.471,95.03,95.543,96.011,96.438,96.828,97.182,97.504,97.796,98.061,98.301,98.518,98.714,98.892,99.052,99.197,99.327,99.445,99.551,99.647,99.733,99.81,99.88,99.943,100,100.05,100.1,100.14,100.17,100.21,100.24,100.26,100.29,100.31,100.33,100.35,100.36,100.38,100.39,100.4
39.826,39.899,39.978,40.062,40.152,40.248,40.351,40.46,40.577,40.702,40.835,40.977,41.128,41.289,41.461,41.645,41.839,42.047,42.268,42.503,42.752,43.017,43.298,43.597,43.913,44.248,44.603,44.978,45.375,45.794,46.236,46.702,47.193,47.709,48.252,48.821,49.417,50.042,50.695,51.376,52.086,52.825,53.593,54.389,55.214,56.066,56.946,57.851,58.781,59.735,60.712,61.709,62.725,63.758,64.805,65.866,66.936,68.015,69.099,70.186,71.273,72.357,73.437,74.51,75.572,76.622,77.658,78.677,79.678,80.658,81.616,82.551,83.461,84.345,85.202,86.032,86.834,87.607,88.351,89.066,89.753,90.411,91.04,91.642,92.216,92.763,93.284,93.779,94.25,94.696,95.119,95.52,95.899,96.258,96.597,96.916,97.218,97.502,97.77,98.022,98.26,98.483,98.693,98.89,99.075,99.249,99.413,99.566,99.709,99.844,99.97,100.09,100.2,100.3,100.4,100.49,100.58,100.66,100.73,100.8
41.184,41.19,41.198,41.206,41.215,41.224,41.235,41.248,41.261,41.276,41.293,41.312,41.332,41.355,41.381,41.409,41.441,41.476,41.515,41.558,41.606,41.659,41.718,41.784,41.856,41.937,42.026,42.125,42.235,42.356,42.49,42.639,42.803,42.985,43.185,43.407,43.651,43.919,44.215,44.54,44.897,45.288,45.716,46.185,46.696,47.252,47.858,48.514,49.224,49.99,50.815,51.699,52.645,53.653,54.723,55.854,57.045,58.295,59.598,60.952,62.352,63.79,65.262,66.758,68.273,69.796,71.319,72.835,74.334,75.809,77.252,78.656,80.016,81.326,82.582,83.781,84.919,85.997,87.012,87.965,88.857,89.689,90.462,91.179,91.841,92.452,93.015,93.531,94.004,94.438,94.833,95.194,95.523,95.822,96.094,96.34,96.564,96.767,96.951,97.117,97.268,97.404,97.527,97.638,97.738,97.828,97.91,97.983,98.05,98.109,98.163,98.212,98.255,98.295,98.33,98.362,98.391,98.417,98.44,98.461
39.601,39.61,39.62,39.631,39.644,39.658,39.673,39.691,39.71,39.731,39.755,39.781,39.81,39.843,39.879,39.919,39.964,40.013,40.068,40.129,40.197,40.272,40.355,40.448,40.55,40.664,40.79,40.929,41.083,41.254,41.443,41.651,41.881,42.135,42.415,42.724,43.063,43.436,43.845,44.294,44.784,45.321,45.906,46.542,47.234,47.983,48.792,49.665,50.603,51.608,52.68,53.821,55.031,56.307,57.648,59.05,60.511,62.023,63.583,65.182,66.812,68.466,70.133,71.806,73.474,75.127,76.758,78.358,79.918,81.431,82.892,84.296,85.637,86.914,88.124,89.266,90.34,91.346,92.284,93.158,93.968,94.718,95.41,96.048,96.633,97.17,97.662,98.111,98.52,98.894,99.233,99.542,99.823,100.08,100.31,100.52,100.71,100.88,101.03,101.17,101.3,101.41,101.51,101.6,101.69,101.76,101.83,101.89,101.95,102,102.04,102.08,102.12,102.15,102.18,102.21,102.23,102.25,102.27,102.29
40.659,40.707,40.759,40.816,40.876,40.942,41.012,41.089,41.171,41.259,41.355,41.457,41.568,41.687,41.816,41.954,42.102,42.262,42.433,42.618,42.816,43.028,43.256,43.5,43.762,44.042,44.341,44.661,45.003,45.367,45.756,46.169,46.609,47.077,47.572,48.097,48.653,49.24,49.859,50.51,51.195,51.914,52.666,53.452,54.272,55.124,56.01,56.926,57.873,58.849,59.851,60.879,61.929,62.999,64.086,65.188,66.301,67.422,68.547,69.674,70.798,71.917,73.026,74.124,75.206,76.27,77.313,78.333,79.327,80.293,81.231,82.137,83.012,83.855,84.663,85.439,86.18,86.888,87.562,88.203,88.812,89.388,89.934,90.45,90.936,91.394,91.826,92.231,92.612,92.969,93.304,93.617,93.91,94.184,94.44,94.679,94.902,95.109,95.303,95.483,95.651,95.807,95.952,96.087,96.212,96.328,96.436,96.537,96.63,96.716,96.797,96.871,96.94,97.004,97.063,97.118,97.169,97.216,97.26,97.3
40.277,40.29,40.305,40.321,40.339,40.358,40.379,40.403,40.429,40.457,40.488,40.523,40.561,40.602,40.648,40.699,40.754,40.815,40.882,40.956,41.037,41.125,41.223,41.33,41.448,41.576,41.718,41.873,42.043,42.228,42.432,42.654,42.897,43.163,43.452,43.768,44.112,44.486,44.892,45.333,45.811,46.328,46.886,47.488,48.137,48.833,49.579,50.377,51.228,52.134,53.094,54.109,55.18,56.305,57.482,58.71,59.986,61.307,62.668,64.065,65.491,66.943,68.412,69.893,71.379,72.862,74.337,75.795,77.231,78.639,80.014,81.349,82.641,83.887,85.082,86.226,87.316,88.351,89.33,90.255,91.125,91.942,92.706,93.42,94.085,94.703,95.277,95.808,96.299,96.753,97.171,97.556,97.911,98.236,98.535,98.808,99.059,99.289,99.499,99.69,99.866,100.03,100.17,100.3,100.43,100.54,100.64,100.73,100.81,100.89,100.96,101.02,101.08,101.13,101.18,101.22,101.26,101.3,101.33,101.36
39.14,39.146,39.152,39.16,39.168,39.177,39.187,39.198,39.211,39.225,39.241,39.258,39.278,39.299,39.324,39.351,39.381,39.414,39.452,39.494,39.54,39.592,39.649,39.714,39.785,39.865,39.953,40.052,40.161,40.283,40.418,40.568,40.735,40.919,41.124,41.351,41.602,41.88,42.186,42.524,42.897,43.307,43.758,44.253,44.795,45.387,46.032,46.735,47.497,48.323,49.214,50.172,51.199,52.296,53.462,54.698,56.002,57.37,58.799,60.284,61.819,63.396,65.008,66.646,68.301,69.962,71.62,73.265,74.887,76.478,78.028,79.531,80.981,82.371,83.698,84.958,86.15,87.271,88.323,89.305,90.22,91.068,91.852,92.576,93.241,93.852,94.411,94.922,95.388,95.812,96.198,96.548,96.866,97.153,97.413,97.648,97.861,98.052,98.225,98.381,98.521,98.648,98.761,98.863,98.955,99.038,99.112,99.179,99.239,99.293,99.341,99.384,99.423,99.458,99.489,99.517,99.543,99.565,99.585,99.604
38.521,38.558,38.597,38.64,38.686,38.736,38.79,38.847,38.91,38.976,39.048,39.126,39.209,39.299,39.395,39.499,39.611,39.73,39.859,39.997,40.146,40.305,40.476,40.659,40.856,41.066,41.291,41.533,41.791,42.066,42.361,42.675,43.01,43.367,43.748,44.152,44.582,45.038,45.522,46.034,46.576,47.148,47.751,48.386,49.054,49.755,50.49,51.258,52.06,52.896,53.764,54.665,55.598,56.561,57.553,58.572,59.617,60.685,61.774,62.881,64.004,65.139,66.284,67.435,68.589,69.742,70.892,72.035,73.167,74.287,75.39,76.474,77.536,78.575,79.588,80.573,81.529,82.454,83.347,84.208,85.035,85.829,86.589,87.316,88.009,88.669,89.296,89.892,90.456,90.991,91.496,91.973,92.422,92.846,93.245,93.619,93.971,94.301,94.61,94.9,95.172,95.425,95.663,95.884,96.091,96.284,96.465,96.633,96.789,96.935,97.071,97.198,97.315,97.425,97.527,97.622,97.71,97.792,97.868,97.938
41.104,41.11,41.117,41.125,41.134,41.144,41.155,41.167,41.18,41.196,41.213,41.232,41.254,41.278,41.304,41.334,41.368,41.406,41.448,41.494,41.547,41.606,41.671,41.744,41.826,41.917,42.019,42.132,42.259,42.4,42.557,42.732,42.926,43.142,43.382,43.648,43.943,44.27,44.631,45.03,45.469,45.953,46.484,47.066,47.703,48.398,49.154,49.974,50.86,51.816,52.841,53.938,55.106,56.344,57.649,59.019,60.45,61.934,63.467,65.039,66.642,68.267,69.903,71.54,73.168,74.776,76.354,77.895,79.389,80.83,82.212,83.53,84.78,85.961,87.071,88.11,89.078,89.978,90.81,91.578,92.283,92.931,93.523,94.063,94.556,95.003,95.409,95.777,96.11,96.411,96.682,96.926,97.147,97.345,97.523,97.684,97.827,97.956,98.072,98.176,98.269,98.353,98.427,98.494,98.554,98.608,98.655,98.698,98.737,98.771,98.802,98.829,98.854,98.875,98.895,98.913,98.928,98.942,98.955,98.966
42.172,42.184,42.198,42.213,42.23,42.249,42.27,42.293,42.318,42.347,42.378,42.413,42.452,42.494,42.542,42.594,42.652,42.716,42.787,42.866,42.953,43.049,43.156,43.273,43.403,43.546,43.705,43.879,44.071,44.283,44.517,44.773,45.055,45.364,45.703,46.075,46.481,46.925,47.409,47.935,48.508,49.128,49.8,50.524,51.304,52.142,53.039,53.995,55.013,56.091,57.229,58.425,59.678,60.983,62.338,63.736,65.173,66.641,68.135,69.645,71.165,72.686,74.2,75.699,77.176,78.622,80.032,81.399,82.718,83.986,85.198,86.353,87.448,88.482,89.456,90.369,91.223,92.019,92.759,93.445,94.079,94.664,95.204,95.699,96.154,96.57,96.951,97.299,97.616,97.906,98.169,98.409,98.626,98.824,99.003,99.166,99.313,99.447,99.567,99.677,99.776,99.865,99.946,100.02,100.09,100.15,100.2,100.25,100.29,100.33,100.37,100.4,100.43,100.45,100.48,100.5,100.52,100.54,100.55,100.57
42.58,42.643,42.711,42.783,42.86,42.943,43.031,43.126,43.227,43.335,43.45,43.573,43.705,43.845,43.995,44.154,44.324,44.505,44.698,44.904,45.123,45.355,45.602,45.865,46.144,46.44,46.754,47.086,47.438,47.81,48.203,48.619,49.057,49.518,50.004,50.514,51.051,51.613,52.202,52.818,53.461,54.132,54.83,55.556,56.308,57.088,57.894,58.726,59.582,60.462,61.365,62.288,63.231,64.192,65.168,66.159,67.16,68.172,69.19,70.212,71.237,72.261,73.282,74.298,75.307,76.305,77.29,78.261,79.216,80.152,81.069,81.963,82.835,83.683,84.506,85.303,86.073,86.817,87.533,88.221,88.882,89.516,90.122,90.702,91.255,91.782,92.284,92.761,93.214,93.644,94.052,94.438,94.803,95.148,95.473,95.781,96.07,96.344,96.601,96.843,97.07,97.284,97.485,97.674,97.852,98.018,98.174,98.32,98.457,98.586,98.706,98.819,98.924,99.023,99.115,99.201,99.282,99.358,99.428,99.494
40.839,40.871,40.906,40.944,40.984,41.028,41.075,41.125,41.18,41.238,41.301,41.369,41.442,41.521,41.605,41.696,41.794,41.899,42.011,42.132,42.262,42.402,42.552,42.712,42.885,43.069,43.267,43.479,43.705,43.948,44.207,44.483,44.778,45.093,45.429,45.786,46.166,46.569,46.998,47.452,47.934,48.443,48.981,49.548,50.146,50.774,51.434,52.126,52.85,53.606,54.395,55.215,56.066,56.948,57.859,58.798,59.764,60.756,61.77,62.805,63.859,64.929,66.012,67.106,68.206,69.311,70.417,71.52,72.619,73.709,74.788,75.852,76.9,77.929,78.935,79.918,80.876,81.805,82.707,83.578,84.419,85.228,86.005,86.75,87.463,88.144,88.794,89.411,89.999,90.556,91.084,91.583,92.055,92.501,92.92,93.316,93.688,94.037,94.366,94.674,94.962,95.233,95.486,95.723,95.944,96.151,96.344,96.524,96.693,96.849,96.996,97.132,97.259,97.377,97.487,97.589,97.685,97.773,97.856,97.932
40.042,40.07,40.1,40.132,40.167,40.205,40.246,40.29,40.338,40.39,40.446,40.507,40.572,40.643,40.72,40.803,40.893,40.99,41.095,41.208,41.33,41.462,41.604,41.757,41.922,42.1,42.292,42.499,42.721,42.959,43.216,43.491,43.787,44.104,44.443,44.806,45.194,45.609,46.051,46.523,47.024,47.557,48.123,48.723,49.357,50.027,50.733,51.475,52.255,53.073,53.927,54.819,55.746,56.709,57.706,58.736,59.796,60.884,61.998,63.135,64.293,65.466,66.653,67.85,69.052,70.256,71.457,72.653,73.838,75.011,76.166,77.301,78.412,79.498,80.555,81.581,82.574,83.533,84.457,85.345,86.195,87.009,87.785,88.524,89.226,89.892,90.522,91.118,91.68,92.21,92.708,93.177,93.616,94.028,94.413,94.774,95.111,95.425,95.719,95.992,96.247,96.483,96.704,96.909,97.099,97.276,97.439,97.592,97.733,97.863,97.984,98.097,98.2,98.297,98.386,98.468,98.544,98.614,98.68,98.74
38.614,38.622,38.631,38.641,38.652,38.665,38.679,38.694,38.711,38.73,38.751,38.774,38.8,38.828,38.86,38.895,38.933,38.976,39.024,39.077,39.135,39.199,39.271,39.35,39.437,39.534,39.641,39.759,39.889,40.033,40.192,40.368,40.561,40.774,41.008,41.266,41.55,41.861,42.202,42.576,42.985,43.432,43.919,44.45,45.027,45.652,46.33,47.062,47.85,48.697,49.605,50.574,51.606,52.7,53.856,55.073,56.349,57.681,59.064,60.494,61.965,63.471,65.006,66.56,68.126,69.696,71.261,72.813,74.344,75.847,77.313,78.738,80.115,81.44,82.708,83.918,85.067,86.153,87.177,88.139,89.039,89.879,90.66,91.385,92.056,92.676,93.247,93.772,94.254,94.696,95.101,95.47,95.808,96.115,96.395,96.65,96.882,97.092,97.283,97.457,97.614,97.756,97.885,98.002,98.107,98.203,98.289,98.367,98.437,98.501,98.559,98.611,98.658,98.7,98.738,98.773,98.804,98.832,98.857,98.88
40.59,40.613,40.638,40.666,40.696,40.73,40.766,40.806,40.85,40.899,40.952,41.009,41.073,41.143,41.219,41.302,41.394,41.494,41.603,41.723,41.854,41.997,42.153,42.323,42.51,42.713,42.934,43.175,43.437,43.722,44.032,44.368,44.733,45.127,45.554,46.015,46.512,47.046,47.621,48.238,48.898,49.604,50.355,51.155,52.002,52.899,53.844,54.838,55.88,56.968,58.101,59.275,60.488,61.737,63.016,64.322,65.65,66.993,68.346,69.704,71.061,72.41,73.745,75.062,76.355,77.619,78.85,80.043,81.196,82.306,83.37,84.387,85.356,86.276,87.147,87.97,88.744,89.472,90.154,90.791,91.386,91.94,92.455,92.933,93.376,93.785,94.164,94.514,94.836,95.133,95.406,95.657,95.887,96.099,96.293,96.471,96.634,96.783,96.92,97.045,97.159,97.263,97.359,97.446,97.525,97.598,97.665,97.725,97.78,97.831,97.877,97.919,97.957,97.992,98.023,98.052,98.079,98.103,98.125,98.145
42.419,42.452,42.489,42.529,42.572,42.619,42.67,42.725,42.785,42.851,42.922,42.999,43.083,43.175,43.274,43.381,43.498,43.624,43.761,43.91,44.071,44.245,44.433,44.637,44.858,45.096,45.353,45.63,45.929,46.25,46.597,46.969,47.368,47.796,48.255,48.745,49.269,49.827,50.422,51.054,51.724,52.434,53.183,53.973,54.804,55.676,56.588,57.541,58.532,59.56,60.624,61.721,62.849,64.005,65.185,66.386,67.604,68.835,70.074,71.317,72.56,73.797,75.025,76.239,77.435,78.609,79.758,80.878,81.966,83.021,84.039,85.02,85.961,86.863,87.724,88.544,89.323,90.062,90.761,91.421,92.042,92.627,93.176,93.691,94.173,94.623,95.043,95.435,95.8,96.139,96.455,96.748,97.019,97.271,97.505,97.72,97.92,98.105,98.275,98.433,98.578,98.712,98.836,98.95,99.055,99.152,99.241,99.323,99.399,99.469,99.533,99.592,99.646,99.696,99.742,99.784,99.823,99.858,99.891,99.921
42.779,42.862,42.951,43.046,43.147,43.254,43.369,43.49,43.619,43.757,43.903,44.058,44.223,44.398,44.584,44.781,44.99,45.211,45.446,45.694,45.957,46.235,46.529,46.84,47.167,47.513,47.877,48.26,48.663,49.087,49.533,50,50.489,51.001,51.537,52.096,52.679,53.287,53.919,54.575,55.256,55.961,56.689,57.441,58.216,59.013,59.832,60.67,61.528,62.404,63.296,64.203,65.124,66.056,66.998,67.948,68.903,69.863,70.824,71.784,72.742,73.696,74.643,75.581,76.509,77.425,78.327,79.213,80.082,80.933,81.764,82.574,83.363,84.129,84.873,85.592,86.288,86.959,87.606,88.229,88.827,89.401,89.952,90.478,90.982,91.463,91.921,92.358,92.774,93.17,93.546,93.903,94.241,94.562,94.866,95.154,95.426,95.684,95.927,96.156,96.373,96.578,96.77,96.952,97.123,97.284,97.436,97.579,97.713,97.839,97.958,98.069,98.174,98.273,98.365,98.452,98.534,98.611,98.682,98.75
39.439,39.452,39.466,39.482,39.499,39.518,39.539,39.563,39.589,39.617,39.649,39.684,39.723,39.766,39.814,39.866,39.924,39.989,40.06,40.139,40.226,40.322,40.428,40.545,40.674,40.816,40.973,41.146,41.336,41.546,41.776,42.029,42.307,42.612,42.946,43.311,43.711,44.147,44.623,45.14,45.702,46.312,46.972,47.684,48.451,49.275,50.158,51.101,52.106,53.171,54.298,55.485,56.731,58.032,59.385,60.787,62.231,63.713,65.224,66.759,68.31,69.868,71.425,72.973,74.505,76.012,77.488,78.926,80.32,81.665,82.958,84.194,85.371,86.488,87.544,88.539,89.472,90.345,91.16,91.918,92.622,93.273,93.875,94.43,94.94,95.409,95.839,96.233,96.593,96.922,97.223,97.497,97.746,97.973,98.179,98.367,98.537,98.691,98.831,98.958,99.074,99.178,99.272,99.358,99.435,99.505,99.569,99.626,99.678,99.724,99.767,99.805,99.84,99.871,99.899,99.925,99.948,99.968,99.987,100
39.196,39.202,39.209,39.216,39.225,39.235,39.245,39.257,39.271,39.286,39.302,39.321,39.342,39.365,39.391,39.42,39.452,39.488,39.529,39.574,39.624,39.68,39.742,39.812,39.89,39.976,40.073,40.18,40.3,40.433,40.581,40.746,40.929,41.132,41.358,41.608,41.885,42.192,42.531,42.905,43.318,43.772,44.271,44.819,45.419,46.074,46.788,47.565,48.407,49.316,50.297,51.349,52.474,53.673,54.944,56.286,57.695,59.168,60.7,62.284,63.912,65.576,67.266,68.973,70.685,72.394,74.087,75.755,77.388,78.979,80.518,81.999,83.418,84.769,86.05,87.259,88.394,89.457,90.447,91.366,92.217,93.003,93.725,94.388,94.996,95.55,96.056,96.516,96.934,97.314,97.657,97.968,98.249,98.503,98.732,98.938,99.124,99.291,99.441,99.577,99.698,99.807,99.905,99.993,100.07,100.14,100.21,100.26,100.31,100.36,100.4,100.44,100.47,100.5,100.53,100.55,100.57,100.59,100.61,100.62
40.823,40.854,40.887,40.922,40.961,41.002,41.047,41.095,41.147,41.203,41.264,41.329,41.399,41.474,41.555,41.642,41.736,41.838,41.946,42.063,42.189,42.324,42.47,42.626,42.793,42.973,43.166,43.372,43.594,43.831,44.085,44.356,44.646,44.956,45.286,45.638,46.014,46.413,46.837,47.288,47.766,48.272,48.808,49.374,49.971,50.6,51.261,51.955,52.683,53.443,54.238,55.065,55.925,56.816,57.739,58.692,59.672,60.68,61.712,62.766,63.841,64.932,66.039,67.156,68.282,69.413,70.545,71.676,72.802,73.92,75.027,76.119,77.194,78.25,79.283,80.291,81.273,82.227,83.151,84.044,84.905,85.734,86.529,87.291,88.02,88.715,89.378,90.008,90.606,91.174,91.711,92.218,92.697,93.149,93.575,93.975,94.351,94.704,95.036,95.346,95.637,95.909,96.164,96.401,96.623,96.831,97.024,97.204,97.372,97.529,97.674,97.81,97.936,98.053,98.163,98.264,98.358,98.446,98.527,98.603
41.84,41.884,41.931,41.983,42.038,42.098,42.162,42.231,42.306,42.387,42.474,42.568,42.669,42.778,42.896,43.022,43.158,43.305,43.463,43.632,43.814,44.01,44.22,44.445,44.687,44.946,45.224,45.521,45.839,46.179,46.542,46.929,47.342,47.781,48.248,48.745,49.271,49.829,50.419,51.042,51.699,52.391,53.119,53.882,54.681,55.515,56.386,57.291,58.231,59.205,60.21,61.246,62.31,63.4,64.515,65.65,66.804,67.973,69.154,70.342,71.536,72.731,73.923,75.108,76.284,77.447,78.594,79.721,80.826,81.906,82.958,83.982,84.974,85.933,86.859,87.75,88.606,89.426,90.21,90.958,91.671,92.348,92.991,93.601,94.177,94.722,95.235,95.719,96.175,96.603,97.005,97.382,97.735,98.065,98.374,98.663,98.933,99.185,99.42,99.639,99.843,100.03,100.21,100.37,100.53,100.67,100.8,100.92,101.04,101.14,101.24,101.33,101.42,101.5,101.57,101.64,101.7,101.76,101.81,101.86
38.658,38.677,38.697,38.72,38.745,38.773,38.803,38.837,38.874,38.915,38.96,39.01,39.065,39.125,39.192,39.265,39.346,39.435,39.534,39.641,39.76,39.891,40.035,40.193,40.366,40.556,40.765,40.994,41.245,41.52,41.821,42.149,42.508,42.899,43.325,43.789,44.292,44.838,45.43,46.069,46.758,47.499,48.296,49.149,50.06,51.031,52.063,53.154,54.306,55.517,56.786,58.109,59.485,60.907,62.373,63.876,65.41,66.968,68.543,70.128,71.714,73.294,74.86,76.406,77.923,79.405,80.847,82.243,83.59,84.882,86.119,87.296,88.414,89.471,90.468,91.405,92.283,93.104,93.869,94.581,95.241,95.853,96.418,96.939,97.42,97.862,98.268,98.64,98.982,99.294,99.58,99.841,100.08,100.3,100.49,100.68,100.84,100.99,101.13,101.25,101.36,101.46,101.56,101.64,101.72,101.79,101.85,101.91,101.96,102.01,102.05,102.09,102.12,102.16,102.18,102.21,102.23,102.26,102.27,102.29
